whole,part,record_count
engine,cylinder,348
cylinder,intake gasket,246
engine,baffle,194
engine,intake,189
cylinder,rocker cover gasket,178
engine,intakes,159
cylinder,baffle,158
engine,intake gasket,143
engine,intake gaskets,113
cylinder,rocker cover gaskets,112
cylinder,intake gaskets,79
engine,rocker cover,76
engine,rocker covers,72
cylinder,intake,69
engine,baffle seal,66
cylinder,baffle seal,65
engine,rocker cover gaskets,61
cylinder,exhaust valve,51
engine,rocker cover gasket,51
baffle,screw,47
cylinder,rocker cover,39
baffle,cylinder,32
cylinder,intake tube,29
cylinder,screw,28
engine,screw,28
cylinder,baffling,26
cylinder,rocker covers,24
engine,baffle screw,24
cylinder,baffle screw,23
cylinder,cylinder,21
engine,baffle plugs,20
engine,baffle tie rod,20
engine,oil cooler,20
engine,seal,20
rocker cover,screw,19
engine,baffling,18
engine,bolt,18
engine,rivets,18
induction tube,hose clamps,16
cylinder,rivets,15
engine,rocker gaskets,15
baffle,hardware,14
baffle bracket,rivets,14
cylinder,intakes,14
cylinder,oil return line,14
cylinder,rivet,14
cylinders,hose clamps,14
engine,baffle plug,14
baffle,rivet,13
engine,intake tube gasket,13
cylinder,bolt,12
rocker covers,screws,12
baffle,bolt,11
engine,induction tube gasket,11
intake gasket,cylinder,11
cylinder,baffle plug,10
cylinder,push rod,10
cylinder,push rod tube,10
cylinder,valve,10
engine,baffle seals,10
engine,bolts,10
cylinder,baffles,9
engine,aircraft,9
engine,backbone,9
engine,baffle mounting screw,9
engine,black seal,9
engine,cowl,9
engine,exhaust valve,9
engine,magneto,9
cylinder,clamps,8
cylinder,piston,8
engine,baffles,8
engine,cylinders,8
engine,oil,8
engine,propeller strike,8
baffle,oil cooler,7
baffle,patch,7
cylinder,cylinder assembly,7
cylinder,rocker gasket,7
engine,cowl seal,7
engine,intake tube,7
engine,intake tube gaskets,7
baffle,rivets,6
baffle plug,tabs,6
cylinder,oil sump,6
cylinder,patch,6
cylinder,spark plug,6
cylinders,rocker cover gaskets,6
engine,baffle bracket,6
engine,cooling baffle,6
engine,cowling,6
engine,hoses,6
engine,rivet,6
oil cooler,baffle,6
oil return line,clamps,6
cylinder,baffle bracket,5
cylinder,baffle section,5
cylinder,baffle tie rod,5
cylinder,oil cooler,5
cylinder,rocker cover screw,5
engine,air intake,5
engine,baffle mount,5
engine,baffle support bracket,5
engine,oil screen,5
engine,rocker box cover gaskets,5
engine,rocker box covers,5
engine,rocker cover screws,5
sprayer nozzle,tip,5
baffle plugs,fingers,4
baffle plugs,tabs,4
baffle seal,hole,4
baffling,screw,4
cylinder,baffle bolt,4
cylinder,baffle seals,4
cylinder,bracket,4
cylinder,exhaust,4
cylinder,gasket,4
cylinder,hardware,4
cylinder,intake tube gasket,4
cylinder,intake valve,4
cylinder,plug,4
cylinder,push rods,4
cylinder,rocker,4
cylinder,valves,4
data plate,rivets,4
engine,baffle mounting bracket,4
engine,baffle rod,4
engine,baffle support,4
engine,carb airbox,4
engine,clamps,4
engine,data plate,4
engine,egt,4
engine,engine,4
engine,gaskets,4
engine,hardware,4
engine,holes,4
engine,ninety out of eighty bracket,4
engine,rocker box cover gasket,4
engine,rocker gasket,4
engine,screws,4
engine,spark plug,4
intercylinder,baffle,4
aircraft,baffle,3
airframe,engine,3
alternator,baffle,3
baffle,air intake,3
baffle,baffle seal,3
baffle,bracket,3
baffle,cowl seal,3
baffle,hole,3
baffle,screws,3
baffle mount,rivets,3
baffle plug,patch,3
baffle seal,cylinder,3
baffle seal,rivet,3
baffle support,rivets,3
baffle tab,rivets,3
baffling,cylinder,3
baffling,rivets,3
bracket,rivets,3
crankshaft,oil seal,3
cylinder,adel clamp,3
cylinder,baffle mount,3
cylinder,baffle patch,3
cylinder,baffle support,3
cylinder,baffle wire,3
cylinder,clamp,3
cylinder,cowl seal,3
cylinder,engine,3
cylinder,exhaust push rod,3
cylinder,"exhaust valve , two",3
cylinder,fod,3
cylinder,gaskets,3
cylinder,housing,3
cylinder,lines,3
cylinder,rocker drain line,3
cylinder,rockers,3
cylinder,seal,3
cylinder,tie rod,3
cylinder,valve guide,3
cylinder baffling,screw,3
engine,accessory case,3
engine,air filter,3
engine,baffle access hole,3
engine,baffle bolt,3
engine,baffle buttons,3
engine,baffle screws,3
engine,case,3
engine,chafe tape,3
engine,exhaust rocker,3
engine,firewall,3
engine,gasket,3
engine,intake screen,3
engine,line,3
engine,lines,3
engine,oil return line,3
engine,oil return lines,3
engine,primer line,3
engine,propeller,3
engine,rocker box cover screws,3
engine,tabs,3
engines,screws,3
intakes,gaskets,3
like material,patch,3
oil cooler,fitting,3
propeller,propeller cont,3
rocker,push rod,3
air intake,seal,2
aircraft,engine,2
backbaffle,cylinder,2
backbone,bolt,2
baffle,baffle,2
baffle,bolts,2
baffle,drain line,2
baffle,grommet,2
baffle,intake,2
baffle,muffler,2
baffle,muffler shroud,2
baffle,oil filler tube,2
baffle,seal,2
baffle,spring,2
baffle bracket,cylinder,2
baffle plug,tangs,2
baffle plug hole,doubler,2
baffle plugs,tangs,2
baffle seal,black baffle seal,2
baffle support bracket,rivets,2
baffling,hardware,2
black baffle seal,baffle seal,2
burner can drain,line,2
case halves,bolt,2
cowl,chafe tape,2
cowl,seal,2
crankshaft,oil plug,2
cylinder,anchor assembly,2
cylinder,anchor standby assembly,2
cylinder,attachment point,2
cylinder,backbaffle,2
cylinder,baffle brace,2
cylinder,baffle brackets,2
cylinder,baffle connection rod,2
cylinder,baffle plug hole,2
cylinder,baffle rod,2
cylinder,baffle screws,2
cylinder,baffle seal rivet,2
cylinder,baffle support bracket,2
cylinder,baffling support bracket,2
cylinder,exhaust push rod tube,2
cylinder,exhaust rocker,2
cylinder,exhaust stack,2
cylinder,fuel,2
cylinder,head,2
cylinder,hole,2
cylinder,intake bolt,2
cylinder,intake pipe,2
cylinder,intake pipe gasket,2
cylinder,intake push rod tube inner seal,2
cylinder,intake tube inserts,2
cylinder,intake tubes,2
cylinder,lifters,2
cylinder,lueco assembly,2
cylinder,necessary parts,2
cylinder,oil,2
cylinder,oil lines,2
cylinder,outer baffling,2
cylinder,piston assembly,2
cylinder,piston rings,2
cylinder,plugs,2
cylinder,"push rod , exhaust , housing gasket",2
cylinder,rings,2
cylinder,rocker box,2
cylinder,rocker cover gask,2
cylinder,rocker cover seal,2
cylinder,rocker drain lines,2
cylinder,rocker oil return line,2
cylinder,rocker shaft,2
cylinder,screws,2
cylinder,seals,2
cylinder,spark plug hole,2
cylinder,standoff,2
cylinder,staple,2
cylinder,support,2
cylinder,tabs,2
cylinder,thrust buttons,2
cylinder,valve cover,2
cylinder,washer,2
cylinder,wire standoff,2
cylinder engine,baffle,2
cylinder rocker covers,rocker covers,2
cylinders,baffle seal,2
cylinders,baffle seals,2
cylinders,intake gaskets,2
engine,airframe,2
engine,backbaffle,2
engine,backbone bolt,2
engine,backbone case seam,2
engine,baffle brace,2
engine,baffle cylinder,2
engine,baffle rubber seal,2
engine,baffle section,2
engine,baffle spring,2
engine,baffle tie,2
engine,baffle wire,2
engine,black baffle seal,2
engine,bulkhead,2
engine,burner can drain,2
engine,case half seam,2
engine,case plug,2
engine,center case bolt,2
engine,clamp,2
engine,corner bracket,2
engine,cowl bracket,2
engine,cowls,2
engine,crankcase lifting eyebolt,2
engine,crankshaft seal,2
engine,exhaust,2
engine,filter,2
engine,fire seal,2
engine,fuel pump,2
engine,grommet,2
engine,grounding bolt,2
engine,grounding strap,2
engine,grounding strap bolt,2
engine,hoisting loop,2
engine,induction,2
engine,induction tube gaskets,2
engine,inlet,2
engine,intake filter,2
engine,lifting eye,2
engine,mineral oil,2
engine,oil cooler hose,2
engine,oil seal,2
engine,patch,2
engine,plugs,2
engine,possible,2
engine,push rod tube,2
engine,quick drain,2
engine,rings,2
engine,rocker cover drain hose clamps,2
engine,rubber baffle,2
engine,rubber baffle seal,2
engine,safety wire,2
engine,spine,2
engine,tangs,2
engine,tie rod,2
engine,valve cover gaskets,2
engine,valve covers,2
engine,valves,2
engine,washers,2
engine mount,zip ties,2
engines,carb inlet gaskets,2
engines,intakes,2
engines,rocker covers,2
exhaust push rod tips,push rod tips,2
idler gear,fuel pump cam,2
induction tube,hose clamp,2
intake tube,gaskets,2
intake valve,push rod,2
magneto,oil,2
nacelle,nacelle . pooling,2
oil cooler,baffle seal,2
oil cooler,bolt,2
oil filler tube,baffle screw,2
oil filler tube,screw,2
oil return line hose clamp,hose clamp,2
possible,vacuum pump,2
push rod tips,exhaust push rod tips,2
rocker cover,cylinder,2
rocker drain line,clamps,2
screw,baffle,2
spark plug,access plug,2
spark plug baffle plugs,baffle plugs,2
upper,baffle,2
vacuum pump,possible,2
access better,clamps,1
access button,baffle spark plug,1
access button,plug access,1
access button,plug access button,1
access button,spark plug access button,1
access holes,holes,1
access plug,tabs,1
accessory case fitting,oil return line,1
accessory pad,bracket,1
adel clamp,lines,1
adel clamps,cluster,1
adel clamps,fuel line,1
air door,alteranate air door,1
air door,rivet,1
air door,rivet head,1
air filter box,baffling seal,1
air intake,air intake,1
air intake,air intake tubing,1
air intake camlocks,seal,1
air intake filter,seal,1
air intake tubing,air intake,1
air valve,carb air valve,1
aircraft,idle mixture linkage,1
aircraft,rivets,1
alignment pin hole,doubler,1
alteranate air door,air door,1
alternator,""" bat "" cable",1
alternator,air door,1
alternator,alternator attach bolt,1
alternator,alternator cooling hose,1
alternator,attach bolt,1
alternator,bolt,1
alternator,bracket bolts,1
alternator,cooling hose,1
alternator,mounting bolt,1
alternator,output wire,1
alternator cooling hose,cooling hose,1
alternator mount,below alternator mount,1
alternator support,bolt,1
angle,pin hole,1
back,baffle,1
back baffle,baffle,1
back baffle bracket,rivet head,1
backbone,bolts,1
baffle,access plug,1
baffle,air intake down,1
baffle,alternator mount,1
baffle,alternator mount bolt,1
baffle,baffle attachment,1
baffle,baffle bent,1
baffle,baffle hole,1
baffle,baffle plug,1
baffle,baffle plug patch,1
baffle,baffle seal rivet,1
baffle,barrel nut,1
baffle,bent,1
baffle,black seal,1
baffle,chafe tape,1
baffle,clamps,1
baffle,corner bracket,1
baffle,crosstie,1
baffle,cylinder nut,1
baffle,cylinders,1
baffle,engine,1
baffle,exhaust shroud,1
baffle,holes,1
baffle,mount bolt,1
baffle,mount bolt hole,1
baffle,muffler intake,1
baffle,new hardware,1
baffle,oil cooler bolt,1
baffle,oil dipstick tube,1
baffle,oil line,1
baffle,oil return,1
baffle,oil return line,1
baffle,patches,1
baffle,plug,1
baffle,pop rivets,1
baffle,rivet head,1
baffle,rivnut,1
baffle,rocker covers,1
baffle,rubber plug,1
baffle,screw bracket,1
baffle,seals,1
baffle,spark plug,1
baffle,spark plug access,1
baffle,spark plug access hole,1
baffle,spark plug access plug,1
baffle,support,1
baffle,support bracket,1
baffle,tabs,1
baffle,tie rod,1
baffle,tie rod hole,1
baffle,washers,1
baffle anchor,screws,1
baffle assembly,airworthy parts,1
baffle attach fitting,screw,1
baffle back bracket,rivet head,1
baffle bracket,bolt,1
baffle bracket,hardware,1
baffle bracket,rivet,1
baffle bracket,screw,1
baffle center,rivets,1
baffle cylinder,mount bracket,1
baffle cylinder,rivets,1
baffle cylinder,spark plug access hole,1
baffle doubler,baffle doubler,1
baffle inner most,rivet,1
baffle inner most baffle,rivet,1
baffle inner most baffle seal,rivet,1
baffle mount bracket,rivets,1
baffle mounting bracket,rivet,1
baffle mounting bracket,rivets,1
baffle over rocker covers,over rocker covers,1
baffle over rocker covers,rocker covers,1
baffle plug,fingers,1
baffle plug,tab,1
baffle plugs,prongs,1
baffle plugs,spark plug baffle plugs,1
baffle screw,cylinder,1
baffle screw,oil filler tube,1
baffle seal,air intake,1
baffle seal,corner,1
baffle seal,holes,1
baffle seal,induction,1
baffle seal,inlet,1
baffle seal,muffler intake,1
baffle seal,propeller governor,1
baffle seal,staple,1
baffle seals,propeller governors,1
baffle section,nutplates,1
baffle spark plug,access button,1
baffle spark plug,access holes,1
baffle spark plug,baffle spark plug access,1
baffle spark plug,baffle spark plug access button,1
baffle spark plug,holes,1
baffle spark plug,plug access,1
baffle spark plug,plug access button,1
baffle spark plug,spark plug access button,1
baffle spark plug access,access button,1
baffle spark plug access,baffle spark plug,1
baffle spark plug access,plug access,1
baffle spark plug access,plug access button,1
baffle spark plug access,spark plug access button,1
baffle spark plug access button,access button,1
baffle spark plug access button,plug access,1
baffle stiffener,cylinder,1
baffle suppo,rivets,1
baffle support,fuel line support bracket,1
baffle support bracket,screw,1
baffle support bracket,screws,1
baffle tab,nuts,1
baffle tab,screws,1
baffle tie rod,baffle tie rod threads,1
baffle tie rod wire,clamps,1
baffle tube,covers,1
baffle unsecure,rivets,1
baffle wire,baffle wire standoff,1
baffle wire harness,baffle wire harness tab,1
baffle wire harness tab,baffle wire harness,1
baffles,baffle plug patches,1
baffles,button plugs,1
baffles,clamps,1
baffles,cylinders,1
baffles,lines,1
baffling,access plug,1
baffling,air intake,1
baffling,bolt,1
baffling,intake elbow,1
baffling,patch,1
baffling,plugs,1
baffling,seal,1
baffling,spark plug,1
baffling,spark plug access plug,1
baffling bracket,rivets,1
battery mount,adel clamp,1
battery mount,clamp,1
black cowling seal,filter,1
black seal,filter,1
black seal,intake,1
black seal,seal,1
bolt hole,threads,1
both engines,engines,1
bottom corner,baffle seal,1
brake,screw,1
bulkhead,fuel nozzles,1
bulkhead,holes,1
cable,baffle bolts,1
carb air valve,air valve,1
carb airbox,carb fire,1
carb airbox,fire,1
carb airbox,rivet,1
carb airbox,rivets,1
carb fire,carb airbox,1
carb heat shroud,tab,1
carb heat valve,felt,1
carrier,seal,1
case,bolt,1
case,bolts,1
center,baffle,1
center,baffle bracket,1
center engine,baffle,1
center line,rivets,1
cht red,red,1
clip,oil baffle cooler bracket,1
cluster,adel clamps,1
connecting rods,pistons,1
control column,center turnbuckle,1
coolers,lines,1
cooling baffle,screw,1
cooling baffle,wire,1
cooling baffling,rivets,1
core engine,push rod tube,1
corner,oil cooler baffling,1
corner bracket,baffle,1
corner bracket,propeller cable,1
cowl,access panel screw,1
cowl,air duct,1
cowl,black seal,1
cowl,doubler,1
cowl,fire seal,1
cowl,guide hole,1
cowl,intake filter,1
cowl,oil coolers,1
cowl,pin hole,1
cowl,starter generator air vent,1
cowl bracket,rivet,1
cowl cam,lock washer,1
cowl panel rubber unsecure,inlet screen,1
cowl panel rubber unsecure,inlet screen cowl panel rubber unsecure,1
cowl panel rubber unsecure,screen cowl panel rubber unsecure,1
cowling,bolts,1
cowling,seal,1
cowling,seals,1
cowling baffle,cylinder,1
cowls,seal,1
crankcase,bolt,1
crankcase backbone,bolt,1
crankcase spin bolt,nut,1
crankshaft,seal,1
crankshaft plug,oil,1
cylilnder,baffle,1
cylinder,""" mineral oil only "" stickers",1
cylinder,#,1
cylinder,29 push rod,1
cylinder,access plug,1
cylinder,accessories,1
cylinder,alternator belt,1
cylinder,assembly,1
cylinder,attaching hardware,1
cylinder,attaching parts,1
cylinder,baff,1
cylinder,baffle attach screw,1
cylinder,baffle barrel nut,1
cylinder,baffle bolts,1
cylinder,baffle connecting rod,1
cylinder,baffle connector rod,1
cylinder,baffle corner,1
cylinder,baffle corner support bracket,1
cylinder,baffle fastener,1
cylinder,baffle hole,1
cylinder,"baffle hole , plug",1
cylinder,baffle inner most,1
cylinder,baffle inner most baffle,1
cylinder,baffle inner most baffle seal,1
cylinder,baffle inspection hole doubler,1
cylinder,baffle piece,1
cylinder,baffle plugs,1
cylinder,baffle rivets,1
cylinder,baffle rubber seal,1
cylinder,baffle seal staple,1
cylinder,baffle seal staples,1
cylinder,baffle seals properly,1
cylinder,baffle spring,1
cylinder,baffle stiffener,1
cylinder,baffle support rod,1
cylinder,baffle tension cable,1
cylinder,baffle tie rod bolt,1
cylinder,baffle tie rod threads,1
cylinder,baffle unsecure,1
cylinder,baffle wire harness,1
cylinder,baffle wire harness tab,1
cylinder,baffle wire standoff,1
cylinder,baffling bracket,1
cylinder,baffling connecting rod,1
cylinder,baffling seal,1
cylinder,barrel nut,1
cylinder,bolts,1
cylinder,bottom plugs,1
cylinder,bush rod,1
cylinder,case,1
cylinder,cht probe,1
cylinder,cooling baffle,1
cylinder,corner,1
cylinder,cowling baffle,1
cylinder,cylinder anchor standby assembly,1
cylinder,cylinder baffle,1
cylinder,cylinder baffling,1
cylinder,cylinder base,1
cylinder,cylinder base nut,1
cylinder,cylinder flange,1
cylinder,cylinder injector nozzle,1
cylinder,cylinder nut,1
cylinder,cylinder rocker cover gaskets,1
cylinder,cylinder rocker covers,1
cylinder,cylinders,1
cylinder,doubler,1
cylinder,doubler plate,1
cylinder,egt standoff,1
cylinder,exhaust assembly,1
cylinder,exhaust gasket,1
cylinder,exhaust guide,1
cylinder,exhaust guides,1
cylinder,exhaust push rod seal,1
cylinder,exhaust push rod tube seal,1
cylinder,exhaust push tube,1
cylinder,exhaust seal,1
cylinder,exhaust tube,1
cylinder,exhaust va,1
cylinder,exhaust valve burnt,1
cylinder,exhaust valves,1
cylinder,extra spark plug,1
cylinder,fitting,1
cylinder,fuel and oil lines,1
cylinder,fuel distributor line,1
cylinder,fuel injector line,1
cylinder,fuel injector lines,1
cylinder,governor baffle seal,1
cylinder,harness anchors,1
cylinder,harness clamp,1
cylinder,hold downs,1
cylinder,holes,1
cylinder,hose clamps,1
cylinder,induction tube,1
cylinder,injector,1
cylinder,inner cooling baffle,1
cylinder,intake bolts,1
cylinder,intake clamps,1
cylinder,intake feels,1
cylinder,intake o-ring,1
cylinder,intake pipe gaskets,1
cylinder,intake pipes,1
cylinder,intake push rod seal,1
cylinder,intake rocker,1
cylinder,interconnecting rods,1
cylinder,lifted assembly,1
cylinder,longer push rod,1
cylinder,mount bolt,1
cylinder,number 29 push rods,1
cylinder,nut,1
cylinder,nutplates,1
cylinder,nuts,1
cylinder,obstruction,1
cylinder,oil control ring,1
cylinder,oil coole,1
cylinder,oil cooler mount,1
cylinder,oil cooler support bracket,1
cylinder,oil drain line,1
cylinder,oil drains,1
cylinder,oil line,1
cylinder,oil return,1
cylinder,outer push rod seals,1
cylinder,plug hole,1
cylinder,pop rivet,1
cylinder,pop rivets,1
cylinder,possible,1
cylinder,preservative oil,1
cylinder,primer line,1
cylinder,primer line sleeve,1
cylinder,push rod end,1
cylinder,push rod seal,1
cylinder,push rod seals,1
cylinder,push rod tu,1
cylinder,push rod tube seals,1
cylinder,rebuilt assembly,1
cylinder,relief hole,1
cylinder,ring,1
cylinder,rocker box cover gasket,1
cylinder,rocker box cover screw,1
cylinder,rocker cover ga,1
cylinder,rocker cover screws,1
cylinder,rocker covers screws,1
cylinder,rocker cvoer gasket,1
cylinder,rocker oil,1
cylinder,rocker shaft thrust buttons,1
cylinder,rubber,1
cylinder,rubber drain lines,1
cylinder,rubber hose section,1
cylinder,safety wire,1
cylinder,screw bracket,1
cylinder,screw each,1
cylinder,screw plate,1
cylinder,screw support,1
cylinder,spark plug access hole,1
cylinder,spark plug access plug,1
cylinder,spark plugs,1
cylinder,standby assembly,1
cylinder,sump connector hose,1
cylinder,tab,1
cylinder,temperature probe,1
cylinder,thrust button,1
cylinder,tip,1
cylinder,tywrap,1
cylinder,upper baffle,1
cylinder,upper baffling,1
cylinder,upper rocker cover,1
cylinder,valve contact,1
cylinder,valve cover gaskets,1
cylinder,wire,1
cylinder,wiring harness support bracket,1
cylinder,wiring holder,1
cylinder anchor standby assembly,cylinder,1
cylinder assembly,lueco,1
cylinder baffle,cylinder,1
cylinder baffle,rockers,1
cylinder baffling,cylinder,1
cylinder injector nozzle,cylinder,1
cylinder nut,baffle,1
cylinder rocker cover gaskets,rocker cover gaskets,1
cylinders,baffle tie rod,1
cylinders,exhaust valve guides,1
cylinders,gaskets,1
cylinders,intake pipe gasket,1
cylinders,oil tube drain lines,1
cylinders,pistons,1
cylinders,rocker cover gasket,1
cylinders,screws,1
dipstick tube,screw,1
drain,fuel,1
drain tube,clamps,1
engine,""" bat "" cable",1
engine,#,1
engine,adel clamps,1
engine,air baffle,1
engine,air duct,1
engine,air inlet,1
engine,air intake camlocks,1
engine,air intake down,1
engine,air intake filter,1
engine,air line,1
engine,angle brackets,1
engine,attach bolt,1
engine,back baffle,1
engine,backbone bolts,1
engine,baffle . reinforcement angle,1
engine,baffle angle bracket,1
engine,baffle assembly,1
engine,baffle attach bracket,1
engine,baffle attach fitting,1
engine,baffle attachment,1
engine,baffle blast tube,1
engine,baffle bolt hole,1
engine,baffle button plugs,1
engine,baffle chafi,1
engine,baffle connection rod,1
engine,baffle cover cam,1
engine,baffle hardware,1
engine,baffle interconnect rod,1
engine,baffle mount bracket,1
engine,baffle mount screw,1
engine,baffle over rocker covers,1
engine,baffle patch,1
engine,baffle plug hole,1
engine,baffle rivet,1
engine,baffle seal section,1
engine,baffle seal staple,1
engine,baffle snap plug hole,1
engine,baffle snap plug tab,1
engine,baffle snap plugs,1
engine,baffle tie rod spacer,1
engine,baffle tie rod wire,1
engine,baffle tie rods,1
engine,baffle tie wire,1
engine,baffle wire harness,1
engine,baffle wire harness tab,1
engine,baffling bracket,1
engine,baffling conection wire,1
engine,baffling seal,1
engine,base nuts,1
engine,black cowling seal,1
engine,blades,1
engine,blanket,1
engine,bracket,1
engine,bracket support,1
engine,breather line,1
engine,carb heat box,1
engine,case bolt,1
engine,case bolts,1
engine,case half,1
engine,center,1
engine,center baffle seal,1
engine,chip detectors,1
engine,clinders,1
engine,cluster,1
engine,compressor rotor,1
engine,control,1
engine,cooling ba,1
engine,cooling baffle seal,1
engine,cooling hose,1
engine,corner,1
engine,corner patch,1
engine,cowl cam,1
engine,cowl dzus fasteners,1
engine,cowl panel rubber unsecure,1
engine,cowl seals,1
engine,cowling baffle,1
engine,crank,1
engine,crankcase,1
engine,crankcase backbone,1
engine,crankcase half bolt,1
engine,cylinder assembly,1
engine,dipstick tube,1
engine,doubler,1
engine,drain hose clamp,1
engine,driven fuel pump,1
engine,engine control,1
engine,engine cover,1
engine,engines,1
engine,exciter,1
engine,exhaust system,1
engine,external linkage,1
engine,filter housing,1
engine,fire,1
engine,fireseal,1
engine,firewalls,1
engine,fittings,1
engine,foam seal,1
engine,fod,1
engine,fuel,1
engine,fuel line,1
engine,fuel nozzles,1
engine,generator cooling tu,1
engine,ground cable,1
engine,ground strap,1
engine,ground wire strap,1
engine,grounding point,1
engine,grounding points,1
engine,grounding wire,1
engine,guide hole,1
engine,hoist loop bolt,1
engine,hung,1
engine,induction pipes,1
engine,inlet screen,1
engine,inlet screen cowl panel rubber unsecure,1
engine,inlet screen wire,1
engine,intake air filter frame,1
engine,intake screen panel,1
engine,intake tubes,1
engine,intake valve,1
engine,lacing core,1
engine,landing,1
engine,lift bolt,1
engine,lifting eye bolt,1
engine,lifting eye bracket,1
engine,like clamps,1
engine,lock washer,1
engine,lowest part,1
engine,m/r system,1
engine,magneto switch sele,1
engine,magneto timing,1
engine,magnetos,1
engine,manifold pressure fitting,1
engine,middle mount rivets,1
engine,mount assembly,1
engine,nut,1
engine,o-rings,1
engine,oil cooler baffle corner,1
engine,oil cooler line,1
engine,oil cooler mounting,1
engine,oil fill tube,1
engine,oil filter,1
engine,oil pressure relief valve,1
engine,oil return,1
engine,oil return like clamps,1
engine,oil screen housing,1
engine,only 2600,1
engine,over rocker covers,1
engine,overboard vent tubes,1
engine,paint,1
engine,pallet,1
engine,part,1
engine,parts,1
engine,pistons,1
engine,plug,1
engine,plugs safety wire,1
engine,point bolt,1
engine,power section,1
engine,preservative oil,1
engine,primer line clamp,1
engine,primer line sleeve,1
engine,primer lne clamp,1
engine,propeller cable,1
engine,propeller governor,1
engine,push rod,1
engine,push rod end,1
engine,push rod seal,1
engine,retainers,1
engine,return lines,1
engine,ring,1
engine,rivet head,1
engine,rocker,1
engine,rocker box cover,1
engine,rocker cover thrust button,1
engine,rocker cover thrust buttons,1
engine,rocker oil return lines,1
engine,rocker screw,1
engine,rocker shaft plug,1
engine,rockers,1
engine,rods,1
engine,rubber seal,1
engine,screen cowl panel rubber unsecure,1
engine,scroll,1
engine,seal support,1
engine,sealant,1
engine,seals,1
engine,serviceable bracket,1
engine,spark plug access hole,1
engine,spring wire,1
engine,stack,1
engine,start assembly,1
engine,starter generator air vent,1
engine,starter wire,1
engine,support,1
engine,tab,1
engine,throttle,1
engine,throttle cable,1
engine,thrust buttons,1
engine,tool,1
engine,top end,1
engine,upper baffle seal,1
engine,valve,1
engine,valve cover gasket,1
engine,wings,1
engine,wire,1
engine,wire strap,1
engine,wiring,1
engine,wiring clamp,1
engine baffling,baffling,1
engine baffling,rivets,1
engine breather fitting,o-ring,1
engine control,engine,1
engine drain line,adel clamps,1
engine drain lines,adel clamps,1
engine inlet,inlet,1
engine inlet,seal,1
engine mount,adel clamp,1
engine mount,multiple zip ties,1
engine mount bolt hole,mount bolt hole,1
engines,baffle seal,1
engines,baffle seals,1
engines,baffles seals,1
engines,both engines,1
engines,cylinder,1
engines,cylinders,1
engines,valve covers,1
enigne,intake,1
enigne,intake gaskets,1
exhaust,intake tubes,1
exhaust,push rod seal,1
exhaust push rod,exhaust push rod tips,1
exhaust push rod,push rod tips,1
exhaust push rod seal,exhaust push rod seal,1
exhaust push rod tips,exhaust push rod,1
exhaust rocker,rocker,1
exhaust stack,nut,1
exhaust tube,bolt,1
exhaust valve,cylinder,1
exhaust valve,push rod,1
fdm card,data,1
firewall,rivnut,1
fod,battery case,1
front baffling,black seal,1
fuel,baffle seal,1
fuel and oil lines,oil lines,1
fuel injector,screen,1
fuel line,adel clamps,1
gauge,lamp,1
governor four turns coun,adjustment screw,1
grounding strap,bolt,1
grounding straps,bolts,1
ignition,standoff,1
inlet screen,cowl panel rubber unsecure,1
inlet screen,inlet screen cowl panel rubber unsecure,1
inlet screen,screen cowl panel rubber unsecure,1
inlet screen cowl panel rubber unsecure,cowl panel rubber unsecure,1
inlet screen cowl panel rubber unsecure,inlet screen,1
inlet screen cowl panel rubber unsecure,screen cowl panel rubber unsecure,1
inner,baffle spring,1
inner,baffle tie spring,1
inner,exhaust push rod seal,1
intake,bolt,1
intake,bolt hole,1
intake,bolts,1
intake,clamp,1
intake,cylinder,1
intake,push rod tube seal,1
intake cylinder,intake cylinder gasket,1
intake cylinder gasket,intake cylinder,1
intake gasket,signs,1
intake gaskets,cylinder,1
intake tube,bolt,1
intake tube,primer line clamp,1
intakes,bolts,1
intercylinder,baffle connecting rod,1
intercylinder,baffle rod,1
intercylinder,baffle spring,1
intercylinder,baffle support rod,1
inventory engine,intake tube,1
lacing cord,hoses,1
lacing core,lacing core,1
like materal,patch,1
like material,baffle support,1
like material,section,1
line,oil cooler,1
lines,baffles,1
lines,plug wiring,1
mount bracket,baffle cylinder,1
mounting bolt,scroll mount,1
muffler,baffle,1
muffler,nut,1
muffler intake,baffle seal,1
nacelle vent,flange,1
neg,clamps,1
oil,bolts,1
oil,mounts,1
oil cooler,adel clamp,1
oil cooler,dirt,1
oil cooler,duct tape,1
oil cooler,fod,1
oil cooler,fuzz,1
oil cooler,lifting eye bracket,1
oil cooler,line,1
oil cooler,ninety out of eighty bracket,1
oil cooler,oil cooler mount,1
oil cooler,oil cooler mounting,1
oil cooler,oil line,1
oil cooler,outboard bolt,1
oil cooler,screw,1
oil cooler,sealant,1
oil cooler adel clamp,oil line,1
oil cooler flange,bolt,1
oil cooler mount,oil cooler,1
oil cooler mounting,baffle,1
oil cooler mounting,oil cooler,1
oil cooler shroud,screw,1
oil dipstick,screw,1
oil dipstick oil stick,oil stick,1
oil dipstick tube,screw,1
oil drain line,clamps,1
oil drain line,hose clamps,1
oil drain line hose clamps,hose clamps,1
oil line,adel clamp,1
oil line,oil cooler,1
oil line,oil cooler adel clamp,1
oil line ninety degree,adel clamp bracket,1
oil lines,fuel and oil lines,1
oil return,like clamps,1
oil return,oil return like clamps,1
oil return like clamps,like clamps,1
oil return line,clam,1
oil return line,hose clamp,1
oil return line,hose clamps,1
oil return line,oil return line hose clamp,1
oil return lines,clamps,1
oil return tube,hose clamps,1
oil screen,propeller,1
oil stick,oil dipstick oil stick,1
oil tube,filter,1
oil tube,screw,1
original engine,starter,1
over rocker covers,rocker covers,1
paint,wire strap,1
pallet,engine,1
pilots seat,cable sheath,1
plug access,access button,1
plug access,baffle spark plug,1
plug access,baffle spark plug access,1
plug access,baffle spark plug access button,1
plug access,plug access button,1
plug access,spark plug access button,1
plug access button,access button,1
plug access button,baffle spark plug,1
plug access button,plug access,1
plug access button,spark plug access button,1
plug baffle,baffle hole plugs,1
plug baffle,plug baffle hole plugs,1
plug baffle,spark plug,1
plug baffle,spark plug baffle,1
plug baffle,spark plug baffle hole,1
plug baffle,spark plug baffle hole plugs,1
plug baffle hole plugs,baffle hole plugs,1
plug baffle plugs,baffle plugs,1
plugs,plugs safety wire,1
plugs,safety wire,1
plugs safety wire,plugs,1
plugs safety wire,safety wire,1
possible,oil seal,1
primer line,adel clamp,1
primer line,cylinder,1
primer line,primer line clamp,1
primer line clamp,intake tube,1
primer line sleeve,cylinder,1
propeller bolts,safety wire,1
propeller governor,baffle seal,1
propeller governors,baffle seals,1
push rod,seal,1
push rod tips,exhaust push rod,1
push rod tube,adel clamp,1
push rod tube,clamp,1
push rod tube,rivet,1
push rod tube,seals,1
push rod tube,washer,1
red,cht red,1
retainer,exhaust push rod,1
rocker,cover,1
rocker,exhaust rocker,1
rocker box,gasket,1
rocker box,screws,1
rocker box cover,screw,1
rocker cover,baffle,1
rocker cover,baffle screw,1
rocker cover,egt standoff,1
rocker cover,gasket,1
rocker cover,gaskets,1
rocker cover,hardware,1
rocker cover gasket,cylinder,1
rocker cover gaskets,cylinders,1
rocker covers,baffle,1
rocker covers,baffle over rocker covers,1
rocker covers,cylinder,1
rocker covers,cylinder rocker covers,1
rocker covers,gaskets,1
rocker covers,hardware,1
rocker covers,over rocker covers,1
rocker drain line,clamp,1
rocker drains,hose clamps,1
rocker gasket,cylinder,1
rocker oil return lines,spiral wrap,1
rocker return lines,spiral wrap,1
rocker shaft,cylinder,1
rubber drain lines,clamps,1
rubber hose section,clamps,1
safety wire,plugs,1
safety wire,plugs safety wire,1
scr,rivet,1
screen cowl panel rubber unsecure,cowl panel rubber unsecure,1
screen cowl panel rubber unsecure,inlet screen,1
screw bracket,rivets,1
seal,air intake,1
seal,black seal,1
seal,intake filter housing,1
seal,pop rivet,1
seal,rivet,1
seal,rivets,1
sealant,bolt,1
servo,inlet screen,1
servo,throttle linkage,1
silicone sealant,seal,1
spark plug,baffle hole plugs,1
spark plug,baffle plug,1
spark plug,baffle plugs,1
spark plug,hole plugs,1
spark plug,plug baffle,1
spark plug,plug baffle hole plugs,1
spark plug,plug baffle plugs,1
spark plug,spark plug,1
spark plug,spark plug access,1
spark plug,spark plug access hole,1
spark plug,spark plug access plug,1
spark plug,spark plug baffle,1
spark plug,spark plug baffle hole,1
spark plug,spark plug baffle hole plugs,1
spark plug,spark plug baffle plug,1
spark plug,spark plug baffle plugs,1
spark plug,spark plug cap,1
spark plug,tabs,1
spark plug access button,access button,1
spark plug access button,baffle spark plug,1
spark plug access button,plug access,1
spark plug access button,plug access button,1
spark plug access plug,tabs,1
spark plug baffle,baffle hole plugs,1
spark plug baffle,plug baffle,1
spark plug baffle,plug baffle hole plugs,1
spark plug baffle,spark plug,1
spark plug baffle,spark plug baffle hole,1
spark plug baffle,spark plug baffle hole plugs,1
spark plug baffle hole,baffle hole plugs,1
spark plug baffle hole,plug baffle,1
spark plug baffle hole,plug baffle hole plugs,1
spark plug baffle hole,spark plug,1
spark plug baffle hole,spark plug baffle,1
spark plug baffle hole,spark plug baffle hole plugs,1
spark plug baffle hole plugs,baffle hole plugs,1
spark plug baffle plug,baffle plug,1
spark plug cap,spark plug,1
spine,bolt,1
support,rivets,1
throttle linkage,throttle linkage dog bone,1
upper,baffle,1
upper baffle,patch,1
upper baffle material,rivet,1
vacuum pump,seal,1
vacuum tube,oil cooler line,1
valve contact,cylinder,1
wire bundle,clamp,1
