pair_id,query_id,query_problem,candidate_problem,problem_relevance_0_1_2,candidate_historical_action,candidate_historical_action_family,action_applicability_0_1_2,phase_b_notes
MR-48d0ee61681b3785,100264,#3 INTAKE LEAKING AT CLAMP.,"#3 INTAKE LEAKING ON L/H ENGINE, ALONG W/ #2.",1,REMOVED & REPLACED #2 & 3 INTAKE GASKETS.,Replace,1,"Intake-gasket replacement is relevant leak evidence, but the query explicitly locates the leak at the clamp, which may require a different correction."
MR-9ae525c2e9513705,100636,R/H ENGINE #3 INDUCTION TUBE GASKET LEAKING.,R/H ENGINE CYL #3 INTAKE GASKET LEAKING.,2,INSTALLED NEW GASKET.,Replace,2,Completed intake-gasket correction is directly transferable across cylinder slots.
MR-217ee2f8b02a34ec,103074,"R/H ENGINE FOAM SEAL LOOSE ON BULKHEAD, BEHIND ENGINE INLET",R/H REAR ENGINE BAFFLE MOUNTING SCREW LOOSE.,1,TIGHTENED SCREW.,Adjust,0,Historical action addresses different baffle hardware rather than the queried foam/cowl seal.
MR-4750f09932b4493a,101225,"CRACK ON ENGINE BAFFLE, LEFT SIDE, BY #3 CYLINDER.",CRACK ON #4 CYLINDER AFT BAFFLE.,1,STOP DRILLED CRACK.,Other,2,Historical action directly addresses the same maintenance condition; slot/location differences are transferable.
MR-fea1675d88189585,102604,#4 INTAKE LEAKS.,#3 & 4 INTAKE LEAKING ON R/H ENGINE.,1,REMOVED & REPLACED INTAKE GASKETS.,Replace,2,Completed intake-gasket correction is directly transferable across cylinder slots.
MR-650af413b118d5c9,104702,L/H ENG #2 CYL HAS LOW COMPRESSION.,R/H ENG #3 CYL HAS LOW COMPRESSION (16/80).,1,OPS & LEAK CK GOOD.,Other,1,"Relevant diagnostic/verification evidence, but no clear corrective resolution is recorded."
MR-4736e6f16df8b365,100392,R/H #4 SIDE BAFFLE MISSING BOLTS.,HARDWARE MISSING FROM #3 BAFFLE.,1,INSTALLED NEW HARDWARE.,Replace,2,Historical action directly addresses the same maintenance condition; slot/location differences are transferable.
MR-fb06e5f807a1e4b7,105178,#1 ROCKER COVER GASKET LEAKS.,#1 ROCKER COVER GASKET IS LEAKING.,2,REMOVED & REPLACED GASKET.,Replace,2,Historical action directly addresses the same maintenance condition; slot/location differences are transferable.
MR-303660abc56a73ca,100848,OIL COOLER HOSE REQUIRES REPOSITIONING.,L/H ENG OIL COOLER HOSE IS POSITIONED TOO CLOSE TO OIL FILTE,2,LEAK CK GOOD.,Other,1,"Relevant diagnostic/verification evidence, but no clear corrective resolution is recorded."
MR-b9c5863c14c30827,104071,"R/H ENG, R/H REAR BAFFLE IS CRACKED.",R/H ENG OIL COOLER BAFFLE CRACKED.,1,REPLACED CRACKED BAFFLE W/ SERVICEABLE BAFFLE.,Replace,2,Historical action directly addresses the same maintenance condition; slot/location differences are transferable.
MR-631241144c1d3258,100112,L/H ENGINE #4 AFT BAFFLE CRACKED IN MULTIPLE PLACES.,CRACK IN R/H AFT ENGINE BAFFLE.,1,STOP DRILLED CRACK.,Other,2,Historical action directly addresses the same maintenance condition; slot/location differences are transferable.
MR-3b31cba5ef9d4bf9,106106,L/H ENGINE #4 BAFFLE CRACKED.,"L/H ENGINE, ENGINE BAFFLE CRACKED AT OIL COOLER.",1,STOP DRILLED CRACK.,Other,2,Historical action directly addresses the same maintenance condition; slot/location differences are transferable.
MR-4c5920af135286b6,101116,"L/H ENG, #4 INDUCTION TUBE GASKET LEAKING.",L/H ENG #3 INTAKE IS LEAKING.,1,REPLACED INTAKE GASKET.,Replace,2,Completed intake-gasket correction is directly transferable across cylinder slots.
MR-625572a519cbb540,103758,"L/H ENG, L/H FWD BAFFLE SEAL IS LOOSE.",#4 CYL L/H ENG BAFFLE SEAL LOOSE.,1,DRILLED & REPLACED RIVET ON BAFFLE SEAL.,Replace,2,Replacing the attachment rivet directly secures the same loose baffle seal.
MR-9b4cd31a2b92ceb0,100081,#2 INTAKE LEAKS.,CYL #2 INTAKE LEAKING.,2,REMOVED & REPLACED INTAKE GASKET.,Replace,2,Completed intake-gasket correction is directly transferable across cylinder slots.
MR-75b4214964899359,100568,ENGINE BAFFLE PLUG TABS BROKEN.,R/H SIDE BAFFLE PLUG LOOSE W/ TABS BROKEN.,2,REMOVED & REPLACED W/ NEW BAFFLE PLUG.,Replace,2,Historical action directly addresses the same maintenance condition; slot/location differences are transferable.
MR-b3c403d8989ebd52,103884,BAFFLE SCREW MISSING ABOVE STARTER.,"2 BAFFLE SCREWS MISSING, ABOVE STARTER.",1,INSTALLED SCREWS.,Replace,2,Historical action directly addresses the same maintenance condition; slot/location differences are transferable.
MR-5774ad5197c1e364,103087,#2 & 4 INTAKES LEAKING.,"INTAKES 2, 3 & 4 LEAKING ON L/H ENGINE.",1,REMOVED & REPLACED W/ NEW GASKETS.,Replace,2,Completed intake-gasket correction is directly transferable across cylinder slots.
MR-1ef5da946b910e6c,106132,R/H ENG #2 CYL PUSH ROD END & ROCKER SCORED.,#1 CYL ROCKER ARM & PUSH ROD GALLED ON EXHAUST SIDE.,1,REMOVED & REPLACED ROCKER ARM & PUSH ROD.,Replace,2,Historical action directly addresses the same maintenance condition; slot/location differences are transferable.
MR-49cf81af144a1e46,103173,#2 & 4 INTAKES LEAKING.,INTAKES 2 & 4 LEAKING ON R/H ENGINE.,2,CLINDERS NEED TO BE REPLACED. ,Replace,0,Historical record is unresolved/recommendation-only rather than a completed useful action.
MR-ba36bfcec1126c7d,103598,L/H ENGINE BAFFLE CRACKED.,FRONT & L/H ENGINE BAFFLE CRACKED.,2,STOP DRILLED CRACK.,Other,2,Historical action directly addresses the same maintenance condition; slot/location differences are transferable.
MR-64c165a8641cff55,105306,#2 & 4 INTAKES LEAKING.,"INTAKES 2, 3 & 4 LEAKING ON L/H ENGINE.",1,REMOVED & REPLACED W/ NEW GASKETS.,Replace,2,Completed intake-gasket correction is directly transferable across cylinder slots.
MR-000151051d945985,106132,R/H ENG #2 CYL PUSH ROD END & ROCKER SCORED.,#4 CYL ROCKER ARM & PUSH ROD GALLED ON EXHAUST SIDE.,1,REMOVED & REPLACED ROCKER ARM & PUSH ROD.,Replace,2,Historical action directly addresses the same maintenance condition; slot/location differences are transferable.
MR-9473db85fb8351b2,102221,#1 INTAKE GASKET LEAKS.,#2 INTAKE GASKET IS LEAKING.,1,REMOVED & REPLACED GASKET.,Replace,2,Completed intake-gasket correction is directly transferable across cylinder slots.
MR-9158b20826b5a79e,105940,2 & 4 INTAKES LEAKING.,"INTAKES 2, 3 & 4 LEAKING ON L/H ENGINE.",1,REMOVED & REPLACED W/ NEW GASKETS.,Replace,2,Completed intake-gasket correction is directly transferable across cylinder slots.
MR-0f442328333fd663,105742,#4 CYL HAS LOW COMPRESSION.,LOW COMPRESSION ON #3 CYL.,1,RAN UP A/C & PERFORMED COMPRESSION TEST ON #3 CYL. COMP,Diagnose,1,"Relevant diagnostic/verification evidence, but no clear corrective resolution is recorded."
MR-f788ff132d67d175,105592,SMALL RUST SPOT ON AFT TOP L/H (L/H ENGINE MOUNT).,REMOVE ZIP TIES FROM ENGINE MOUNT.,1,REMOVED ALL ZIP TIES FROM ENGINE MOUNT.,Other,0,Historical action does not treat the queried engine-mount rust condition.
MR-08067e21b5ee6d55,105029,#1 FWD BAFFLE SEAL LOOSE.,R/H ENGINE #3 AFT BAFFLE SEAL IS LOOSE.,1,SECURED BAFFLE SEAL.,Adjust,2,Historical action directly addresses the same maintenance condition; slot/location differences are transferable.
MR-c1ba98665c5444a8,104135,BAFFLE PLUG IS DAMAGED.,CYLINDER #4 BAFFLE PLUG TEETH ARE BROKEN.,2,REMOVED & REPLACED BAFFLE PLUG.,Replace,2,Historical action directly addresses the same maintenance condition; slot/location differences are transferable.
MR-a59874cea0ba56a9,104031,#4 AFT BAFFLE CRACKED.,#2 FWD BAFFLE CRACKED BEYOND STOP DRILL.,1,"STOP DRILLED CRACK, FABRICATED PATCH OF LIKE MATERIAL &",Repair,2,Historical action directly addresses the same maintenance condition; slot/location differences are transferable.
MR-2d4ea3994545bc86,101668,"ROCKER COVER GASKETS #2, 3 TORN.",ROCKER COVER GASKETS CYL #2 & 4 LEAKING.,1,REMOVED & REPLACED ROCKER COVER GASKETS.,Replace,2,Historical action directly addresses the same maintenance condition; slot/location differences are transferable.
MR-def085836d3d3798,104674,R/H REAR BAFFLE INSP HOLE WORN.,FWD BLACK ENG SEAL WORN.,1,INSTALLED RTV SILICONE IN WORN AREAS.,Replace,0,Action treats worn seal material rather than the queried baffle inspection hole.
MR-0a0660ebc484c30f,105157,L/H #4 ROCKER COVER GASKET LEAKS.,R/H ENG #3 ROCKER COVER GASKET LEAKING.,1,"REMOVED COVER, FOUND DEBRIS UNDER SILICONE GASKET. CLEA",Diagnose,1,"Relevant inspection/cleaning of the leaking rocker-cover gasket, but the record is truncated and no replacement is shown."
MR-0833e21aca3cfb18,101598,CYL #2 & 3 INTAKES ARE LEAKING.,"CYL #1 & 3 INTAKES ARE LEAKING, L/H ENG.",1,REPLACED INTAKE GASKETS.,Replace,2,Completed intake-gasket correction is directly transferable across cylinder slots.
MR-991dfc0e859ed09e,103884,BAFFLE SCREW MISSING ABOVE STARTER.,#3 CYL SIDE BAFFLE SCREW MISSING.,1,INSTALLED NEW SCREW.,Replace,2,Historical action directly addresses the same maintenance condition; slot/location differences are transferable.
MR-d8bae1d064f8e5fb,100032,RIGHT ENG #4 AIR BAFFLE IS CRACKED,"L/H ENG BACK BAFFLE, BY #4 CYL, CRACKED.",1,STOP DRILLED CRACK.,Other,2,Historical action directly addresses the same maintenance condition; slot/location differences are transferable.
MR-fe00447b461bfe2f,101698,#4 INTAKE TUBE LOOSE.,"#4 CYL INTAKE TUBE FLANGE WORN, L/H ENG.",1,REMOVED & REPLACED INTAKE TUBE FLANGE.,Replace,1,"Replacing a worn intake-tube flange is relevant to tube looseness, but the historical fault/cause differs from the queried loose tube."
MR-47f4c6064e70f04f,105048,#2 & 4 INTAKES LEAKING.,L/H ENGINE #2 & 4 INTAKES LEAKING.,2,REPLACED GASKETS.,Replace,2,Completed intake-gasket correction is directly transferable across cylinder slots.
MR-337d96636391b21d,102624,COWL SEAL BY #2 CYL NEEDS TO BE REATTCHED TO BAFFLING.,#1 CYL BAFFLING HAS A CRACK.,1,STOP DRILLED CRACK.,Other,0,Historical action addresses a different component/fault or provides no meaningful action for the query.
MR-ea6ab91fd60c6fe2,100515,#3 ROCKER COVER GASKET IS TORN.,#4 ROCKER COVER GASKET LEAKING.,1,REPLACED GASKET.,Replace,2,Historical action directly addresses the same maintenance condition; slot/location differences are transferable.
MR-a7c1ec2b2ae9edcd,100515,#3 ROCKER COVER GASKET IS TORN.,#1 ROCKER COVER GASKET LEAKING.,1,REMOVED & REPLACED GASKET.,Replace,2,Historical action directly addresses the same maintenance condition; slot/location differences are transferable.
MR-a81dd6e93d1f208b,101744,BAFFLE BUTTON PLUG IS WORN.,"ENG FWD LWR BLACK SEAL HAS WORN SPOTS, ABOVE AIR INTAKE.",1,SEALED AREAS W/ BLACK RTV.,Service,0,Action treats a worn seal rather than the queried baffle plug.
MR-9844bd23e6130aaa,105157,L/H #4 ROCKER COVER GASKET LEAKS.,#2 ROCKER COVER GASKET LEAKING.,1,REMOVED & REPLACED GASKET.,Replace,2,Historical action directly addresses the same maintenance condition; slot/location differences are transferable.
MR-279cdf02cb39ec18,100032,RIGHT ENG #4 AIR BAFFLE IS CRACKED,R/H ENG OIL COOLER BAFFLE CRACKED.,1,REMOVED CABLES & LINES TO REMOVE BAFFLE ASSY. INSTALLED,Replace,1,"Action is relevant to the same problem class, but the recorded target or completion is not sufficiently explicit for a strong label."
MR-7c98589a1bffc249,100641,R/H ENG #2 & 4 INDUCTION TUBE GASKETS LEAKING.,R/H ENG #3 INTAKE IS LEAKING.,1,REPLACED INTAKE GASKET.,Replace,1,"Correct intake-gasket action, but it covers only part of the compound query."
MR-624927620c8f9527,103824,"#3, 4 & 1 INTAKES ARE LEAKING.",INTAKES 2 & 4 LEAKING ON R/H ENGINE.,1,CLINDERS NEED TO BE REPLACED. ,Replace,0,Historical record is unresolved/recommendation-only rather than a completed useful action.
MR-4233e28b9026a2dd,103087,#2 & 4 INTAKES LEAKING.,L/H ENG #2 & 3 INTAKES ARE LEAKING.,1,REPLACED #3 GASKET.,Replace,1,"Correct intake-gasket action, but it covers only part of the compound query."
MR-c83a18661b866c8b,104264,#3 & 4 INTAKES LEAKING.,INTAKES 2 & 4 LEAKING ON R/H ENGINE.,1,CLINDERS NEED TO BE REPLACED. ,Replace,0,Historical record is unresolved/recommendation-only rather than a completed useful action.
MR-e3f62f8678cf4e7f,106106,L/H ENGINE #4 BAFFLE CRACKED.,L/H ENGINE BAFFLE BY ROCKER COVERS CRACKED.,2,REMOVED & REPLACED L/H ENGINE BAFFLE OVER ROCKER COVERS,Replace,2,Removing and replacing the cracked engine baffle directly addresses the same condition.
MR-5bb5bf6b69b56bd9,105178,#1 ROCKER COVER GASKET LEAKS.,R/H ENG #3 ROCKER COVER GASKET LEAKING.,1,"REMOVED COVER, FOUND DEBRIS UNDER SILICONE GASKET. CLEA",Diagnose,1,"Relevant inspection/cleaning of the leaking rocker-cover gasket, but the record is truncated and no replacement is shown."
MR-c26b8c8561e5962c,100540,#1 INTAKE GASKET LEAKS.,"R/H ENGINE, CYL #3 INTAKE GASKET IS LEAKING.",1,REMOVED & REPLACED INTAKE GASKET W/ NEW.,Replace,2,Completed intake-gasket correction is directly transferable across cylinder slots.
MR-8bf9f3ff5ff9a94e,101598,CYL #2 & 3 INTAKES ARE LEAKING.,"#1, 2 & 4 CYL INTAKES LEAKING.",1,REMOVED & REPLACED CYL INTAKE GASKETS.,Replace,2,Completed intake-gasket correction is directly transferable across cylinder slots.
MR-b869670b7d7477af,101668,"ROCKER COVER GASKETS #2, 3 TORN.",#3 & 4 ROCKER COVER GASKETS ARE BROKEN.,1,REMOVED & REPLACED #3 & 4 ROCKER COVER GASKETS.,Replace,2,Historical action directly addresses the same maintenance condition; slot/location differences are transferable.
MR-580ad08f37f85dd2,104677,BLACK FWD COWL (ENG) SEAL WORN BY INTAKE FILTER.,ENG FWD SEAL (BLACK) WORN SPOTS AT AIR INLET.,2,APPLIED RTV TO AREAS.,Other,2,RTV repair directly treats the same worn forward black engine/cowl seal.
MR-4c3f38d2caad0b5b,100197,#2 & 4 INTAKES ARE LEAKING.,INTAKES 2 & 4 LEAKING ON R/H ENGINE.,2,CLINDERS NEED TO BE REPLACED. ,Replace,0,Historical record is unresolved/recommendation-only rather than a completed useful action.
MR-cc030a73ca7b0e22,101698,#4 INTAKE TUBE LOOSE.,#3 & 4 CYLINDER INTAKE TUBE INSERTS IN SUMP LOOSE.,1,REMOVED INTAKE TUBES.,Other,1,"Removing the loose intake tubes is a relevant intermediate step, but final securing or replacement is not recorded."
MR-bf9f3d940454f99f,100629,#2 INTAKE GASKET LEAKS.,#4 INTAKE GASKET IS LEAKING.,1,REPLACED GASKETS. LEAK CK GOOD.,Replace,2,Completed intake-gasket correction is directly transferable across cylinder slots.
MR-a62e3541c2b78af7,101668,"ROCKER COVER GASKETS #2, 3 TORN.",#1 & 3 ROCKER COVER GASKETS ARE BROKEN.,1,REMOVED & REPLACED ROCKER COVER GASKETS.,Replace,2,Historical action directly addresses the same maintenance condition; slot/location differences are transferable.
MR-1de226c00632f0b6,103274,INTAKES #2 & 4 LEAKING.,INTAKES 2 & 4 LEAKING ON R/H ENGINE.,2,CLINDERS NEED TO BE REPLACED. ,Replace,0,Historical record is unresolved/recommendation-only rather than a completed useful action.
MR-a1d8cc93b6e77af9,105592,SMALL RUST SPOT ON AFT TOP L/H (L/H ENGINE MOUNT).,NOTED WEAR ON ENGINE MOUNT CAUSED BY ENGINE BREATHER SUPPORT,1,OPS & LEAK CHECK GOOD.,Inspect,0,Historical action does not treat the queried engine-mount rust condition.
MR-021850b7d8ca4883,104157,#2 & 3 INTAKES LEAKING.,L/H ENG #2 & 3 INTAKES ARE LEAKING.,2,REPLACED #3 GASKET.,Replace,1,"Correct intake-gasket action, but it covers only part of the compound query."
MR-6c446f068f90492f,100991,#2 INDUCTION TUBE GASKET LEAKING.,L/H ENG #3 & 4 CYL INTAKE GASKETS LEAKING.,1,"REMOVED COWL, REMOVED & REPLACED GASKETS. REINSTALLED C",Replace,2,Completed intake-gasket correction is directly transferable across cylinder slots.
MR-5860df94cc20baaa,101101,OIL LEAK EVIDENCE ON R/H SIDE OF ENGINE.,SIGNS OF OIL LEAKING FROM FWD ENGINE CASE BOLTS AT MAIN CRAN,2,RETORQUED BOLTS.,Adjust,1,Direct repair of one historical oil-leak source; the query does not establish that source.
MR-bc2e0d003316d74a,103884,BAFFLE SCREW MISSING ABOVE STARTER.,BAFFLE SCREW MISSING AT FRONT OF #2 CYL.,1,REPLACED SCREW & BARREL NUT.,Replace,2,Replacing the missing baffle screw and barrel nut directly resolves the same hardware fault.
MR-7dade3eeefa86bce,103884,BAFFLE SCREW MISSING ABOVE STARTER.,"R/H ENGINE, L/H FWD BAFFLE SCREW MISSING.",1,INSTALLED NEW SCREW.,Replace,2,Historical action directly addresses the same maintenance condition; slot/location differences are transferable.
MR-c69d1df243edd7cc,102221,#1 INTAKE GASKET LEAKS.,#4 INTAKE GASKET IS LEAKING.,1,REPLACED GASKETS. LEAK CK GOOD.,Replace,2,Completed intake-gasket correction is directly transferable across cylinder slots.
MR-5340ac178f90257c,100264,#3 INTAKE LEAKING AT CLAMP.,#3 INTAKE LEAKING ON R/H ENGINE.,2,REMOVED & REPLACED INTAKE GASKET.,Replace,1,"Intake-gasket replacement is relevant leak evidence, but the query explicitly locates the leak at the clamp, which may require a different correction."
MR-59b4b879e9ac2896,104135,BAFFLE PLUG IS DAMAGED.,"BAFFLE PLUG DAMAGED, REQUIRES REPLACEMENT.",2,REMOVED & REPLACED BAFFLE PLUG.,Replace,2,Historical action directly addresses the same maintenance condition; slot/location differences are transferable.
MR-ba074341495fcb1b,105742,#4 CYL HAS LOW COMPRESSION.,CYL #2 COMPRESSION LOW. AIR NOTED & OBSERVED OUT OF EXHAUST.,1,PERFORMED COMPRESSION ON #2 CYL AFTER RUN & NOTED 70/80,Other,1,"Relevant diagnostic/verification evidence, but no clear corrective resolution is recorded."
MR-62b53d5f1d3015e9,105610,#3 & 4 INTAKES LEAKING.,INTAKES 2 & 4 LEAKING ON R/H ENGINE.,1,CLINDERS NEED TO BE REPLACED. ,Replace,0,Historical record is unresolved/recommendation-only rather than a completed useful action.
MR-424e90f08df3b8ef,104515,#2 & 1 INTAKES LEAKING.,"INTAKES 2, 3 & 4 LEAKING ON R/H ENGINE.",1,REPLACED INTAKE GASKETS ON R/H ENGINE.,Replace,2,Completed intake-gasket correction is directly transferable across cylinder slots.
MR-c6e8e2210f47eecd,103824,"#3, 4 & 1 INTAKES ARE LEAKING.",L/H ENG #2 & 3 INTAKES ARE LEAKING.,1,REPLACED #3 GASKET.,Replace,1,"Correct intake-gasket action, but it covers only part of the compound query."
MR-99932b1c78f5149b,104471,"#1, 2, 4 INTAKES LEAKING.",L/H ENG #2 & 3 INTAKES ARE LEAKING.,1,REPLACED #3 GASKET.,Replace,1,"Correct intake-gasket action, but it covers only part of the compound query."
MR-5aa85288f77d8972,101458,#3 CYLINDER ON R/H ENGINE HAS LOW COMPRESSION.,"#1 CYLINDER COMPRESSION LOW, 25LBS. COMING FROM EXHAUST",1,"REMOVED CYLINDER, FOUND BENT EXHAUST VALVE. INSTALLED R",Replace,2,Historical action directly addresses the same maintenance condition; slot/location differences are transferable.
MR-507c22189151de9c,102316,ENGINE AFT BAFFLE CYL #3 AREA HAS SHEARED RIVETS ON SUPPORT,"ENGINE AFT BAFFLE, NEXT TO #3 CYL, HAS SHEARED RIVETS.",2,DERIVETED SHEAR RIVETS. INSTALLED SCREWS & NUTS. REINST,Replace,2,Historical action directly addresses the same maintenance condition; slot/location differences are transferable.
MR-3f0d9d9b8f880af4,105480,#1 & 3 INTAKES LEAKING.,L/H ENG #2 & 3 INTAKES ARE LEAKING.,1,REPLACED #3 GASKET.,Replace,1,"Correct intake-gasket action, but it covers only part of the compound query."
MR-ecc560854e0cec02,100197,#2 & 4 INTAKES ARE LEAKING.,"INTAKES 2, 3 & 4 LEAKING ON L/H ENGINE.",1,REMOVED & REPLACED W/ NEW GASKETS.,Replace,2,Completed intake-gasket correction is directly transferable across cylinder slots.
MR-33f22e69a3dc4b8d,105116,"R/H BAFFLE SEAL, BY #2 CYL, TORN.",R/H ENG FWD CYL #2 BAFFLE SEAL IS TORN.,2,REMOVED & REPLACED BAFFLE SEAL W/ NEW.,Replace,2,Historical action directly addresses the same maintenance condition; slot/location differences are transferable.
MR-b3bd94c86a71feef,105029,#1 FWD BAFFLE SEAL LOOSE.,ENGINE COOLING BAFFLE SEAL LOOSE ON TOP L/H SIDE.,1,REATTACHED BAFFLE SEAL ON TOP L/H SIDE.,Service,2,Historical action directly addresses the same maintenance condition; slot/location differences are transferable.
MR-21c9cc28263fca4e,106106,L/H ENGINE #4 BAFFLE CRACKED.,CRACK IN R/H AFT ENGINE BAFFLE.,1,STOP DRILLED CRACK.,Other,2,Historical action directly addresses the same maintenance condition; slot/location differences are transferable.
MR-8f0c302a40e07e70,102624,COWL SEAL BY #2 CYL NEEDS TO BE REATTCHED TO BAFFLING.,#3 CYL TOP BAFFLING HAS A CRACK.,1,STOP DRILLED CRACK.,Other,0,Historical action addresses a different component/fault or provides no meaningful action for the query.
MR-dc2f7203f727bb91,101371,AFT BAFFLE BRACKET MISSING SCREW.,R/H SIDE BAFFLE IS MISSING A SCREW.,1,INSTALLED NEW SCREW ON BAFFLE.,Replace,1,"Installing a baffle screw is useful attachment evidence, but the query specifies an aft bracket and the historical case a side baffle."
MR-39005c3081e20c16,103758,"L/H ENG, L/H FWD BAFFLE SEAL IS LOOSE.","L/H ENG, L/H REAR ENGINE BAFFLE SEAL LOOSE.",1,REATTACHED ENGINE BAFFLE SEAL.,Service,2,Historical action directly addresses the same maintenance condition; slot/location differences are transferable.
MR-80f31396f1cd314d,100629,#2 INTAKE GASKET LEAKS.,L/H ENG #4 CYL INTAKE GASKET IS LEAKING.,1,REMOVED & REPLACED GASKET.,Replace,2,Completed intake-gasket correction is directly transferable across cylinder slots.
MR-473aa1b58ddae234,101101,OIL LEAK EVIDENCE ON R/H SIDE OF ENGINE.,R/H ENGINE TOP BACK BONE SEEPING OIL.,2,RETORQUED TOP BACK BOLTS.,Adjust,1,Direct repair of one historical oil-leak source; the query does not establish that source.
MR-3580cbf5ddcbb752,100264,#3 INTAKE LEAKING AT CLAMP.,"R/H ENGINE #4 INTAKE LEAKING, AND #3 INTAKE.",1,REPLACED GASKET.,Replace,1,"Intake-gasket replacement is relevant leak evidence, but the query explicitly locates the leak at the clamp, which may require a different correction."
MR-8ae7258d707db433,102327,#3 INDUCTION TUBE GASKET LEAKING.,L/H ENG #3 & 4 CYL INTAKE GASKETS LEAKING.,1,"REMOVED COWL, REMOVED & REPLACED GASKETS. REINSTALLED C",Replace,2,Completed intake-gasket correction is directly transferable across cylinder slots.
MR-003c4723eeea004e,101434,"R/H ENG CYL #4, 3 INTAKE GASKETS LEAKING.",L/H ENG CYL #2 & 4 INTAKE GASKETS ARE LEAKING.,1,REMOVED & REPLACED INTAKE GASKETS.,Replace,2,Completed intake-gasket correction is directly transferable across cylinder slots.
MR-d6026c309b1b0576,101434,"R/H ENG CYL #4, 3 INTAKE GASKETS LEAKING.","CYL #2, 3 & 4 INTAKE GASKETS ARE LEAKING ON L/H ENG.",1,REMOVED & REPLACED GASKETS.,Replace,2,Completed intake-gasket correction is directly transferable across cylinder slots.
MR-2c66f6700d0d25be,104157,#2 & 3 INTAKES LEAKING.,"INTAKES 2, 3 & 4 LEAKING ON L/H ENGINE.",1,REMOVED & REPLACED W/ NEW GASKETS.,Replace,2,Completed intake-gasket correction is directly transferable across cylinder slots.
MR-21c75c16d8b58d19,105306,#2 & 4 INTAKES LEAKING.,INTAKES 2 & 4 LEAKING ON R/H ENGINE.,2,CLINDERS NEED TO BE REPLACED. ,Replace,0,Historical record is unresolved/recommendation-only rather than a completed useful action.
MR-0376fa0e90c8e719,103074,"R/H ENGINE FOAM SEAL LOOSE ON BULKHEAD, BEHIND ENGINE INLET",LH/ TOP ENGINE BAFFLE SEAL LOOSE.,1,RESCURED BAFFLE SEAL.,Service,1,"Related corrective action, but an important component/fault distinction limits direct applicability."
MR-c5405834ab069c84,102221,#1 INTAKE GASKET LEAKS.,L/H ENG #4 CYL INTAKE GASKET IS LEAKING.,1,REMOVED & REPLACED GASKET.,Replace,2,Completed intake-gasket correction is directly transferable across cylinder slots.
MR-59136df9a76135a2,106156,BAFFLE PLUG DAMAGED.,L/H BAFFLE PLUG WORN.,2,REMOVED & REPLACED PLUG.,Replace,2,Historical action directly addresses the same maintenance condition; slot/location differences are transferable.
MR-b4d650b742244d1c,105157,L/H #4 ROCKER COVER GASKET LEAKS.,#1 ROCKER COVER GASKET IS LEAKING.,1,REMOVED & REPLACED GASKET.,Replace,2,Historical action directly addresses the same maintenance condition; slot/location differences are transferable.
MR-3215a39e31dd974e,105742,#4 CYL HAS LOW COMPRESSION.,LOW COMPRESSION ON CYL #3 (55).,1,"REMOVED CYL, FOUND TO BE BURNT EXHAUST VALVE. INSTALLED",Replace,2,Cylinder removal and replacement for a burnt exhaust valve is direct corrective evidence for low compression.
MR-86516e70d82b3e09,104677,BLACK FWD COWL (ENG) SEAL WORN BY INTAKE FILTER.,BLACK FWD ENG SEAL WORN.,2,INSTALLED RTV IN WORN AREAS.,Replace,2,RTV repair directly treats the same worn forward black engine/cowl seal.
MR-c5092d155552ab79,105048,#2 & 4 INTAKES LEAKING.,L/H ENG #2 & 3 INTAKES ARE LEAKING.,1,REPLACED #3 GASKET.,Replace,1,"Correct intake-gasket action, but it covers only part of the compound query."
MR-26116ec3bc84be4c,101598,CYL #2 & 3 INTAKES ARE LEAKING.,"R/H ENG, CYL #2, 3, 4 INTAKES ARE LEAKING.",1,REMOVED & REPLACED INTAKE GASKETS.,Replace,2,Completed intake-gasket correction is directly transferable across cylinder slots.
MR-29aa105411b76fbd,101238,#2 & 4 INTAKES ARE LEAKING.,L/H ENGINE #2 & 4 INTAKES LEAKING.,2,REPLACED GASKETS.,Replace,2,Completed intake-gasket correction is directly transferable across cylinder slots.
MR-d009253f83ff7223,100392,R/H #4 SIDE BAFFLE MISSING BOLTS.,"R/H ENG #3 CYL SIDE BAFFLE, BOTH BOLTS MISSING.",1,INSTALLED NEW BOLTS & WASHERS.,Replace,2,Historical action directly addresses the same maintenance condition; slot/location differences are transferable.
MR-ac98abde7ba9f9cf,100958,#4 ROCKER COVER SCREWS LOOSE.,ROCKER COVER SCREWS LOOSE ON L/H ENGINE.,2,TIGHTENED SCREWS.,Adjust,2,Historical action directly addresses the same maintenance condition; slot/location differences are transferable.
MR-2fd8e002f177c3d8,105306,#2 & 4 INTAKES LEAKING.,L/H ENGINE #2 & 4 INTAKES LEAKING.,2,REPLACED GASKETS.,Replace,2,Completed intake-gasket correction is directly transferable across cylinder slots.
MR-b656bff4ac5dd9ac,103758,"L/H ENG, L/H FWD BAFFLE SEAL IS LOOSE.",R/H ENG #2 CYL BAFFLE SEAL LOOSE.,1,TIGHTENED RIVETS ON SEAL.,Adjust,2,Historical action directly addresses the same maintenance condition; slot/location differences are transferable.
MR-f13906ed7e0f325f,100991,#2 INDUCTION TUBE GASKET LEAKING.,"R/H ENGINE #4 INTAKE LEAKING, AND #3 INTAKE.",1,REPLACED GASKET.,Replace,2,Completed intake-gasket correction is directly transferable across cylinder slots.
MR-a984c0a7bbfc2eb8,100081,#2 INTAKE LEAKS.,#2 CYL INTAKE LEAKING.,2,INSTALLED NEW GASKET.,Replace,2,Completed intake-gasket correction is directly transferable across cylinder slots.
MR-b4961b57defdd90b,106132,R/H ENG #2 CYL PUSH ROD END & ROCKER SCORED.,#2 CYL ROCKER ARM & PUSH ROD GALLED ON EXHAUST SIDE.,2,REMOVED & REPLACED ROCKER ARM & PUSH ROD.,Replace,2,Historical action directly addresses the same maintenance condition; slot/location differences are transferable.
MR-58506cbef8f9a4a9,101930,#1 CYL HAS LOW COMPRESSION.,LOW COMPRESSION ON #3 CYL.,1,RAN UP A/C & PERFORMED COMPRESSION TEST ON #3 CYL. COMP,Diagnose,1,"Relevant diagnostic/verification evidence, but no clear corrective resolution is recorded."
MR-eed3fac1ac95a5e3,105286,#1 & 4 INTAKES LEAKING.,L/H ENG #2 & 3 INTAKES ARE LEAKING.,1,REPLACED #3 GASKET.,Replace,1,"Correct intake-gasket action, but it covers only part of the compound query."
MR-b3216370359c06a9,104471,"#1, 2, 4 INTAKES LEAKING.",L/H ENGINE #2 & 4 INTAKES LEAKING.,1,REPLACED GASKETS.,Replace,1,"Correct intake-gasket action, but it covers only part of the compound query."
MR-b4e3ce6c24b05669,105742,#4 CYL HAS LOW COMPRESSION.,"#4 CYL, L/H ENG, HAS LOW COMPRESSION.",2,LEAK CK GOOD. OPS CK GOOD.,Other,1,"Relevant diagnostic/verification evidence, but no clear corrective resolution is recorded."
MR-fedffbc0cc09de69,103373,"R/H FWD BAFFLE, #1 CYL SIDE, HAS A CRACK.",SMALL CRACK NOTED BY BOLT ON #1 CYL BAFFLE OF R/H ENGINE.,2,STOP DRILLED CRACK.,Other,2,Historical action directly addresses the same maintenance condition; slot/location differences are transferable.
MR-ebb3a1b5c936bbd1,100641,R/H ENG #2 & 4 INDUCTION TUBE GASKETS LEAKING.,"#2 & 4 INTAKE GASKETS ARE LEAKING, L/H ENG.",1,"REMOVED & REPLACED INTAKE GASKETS, L/H ENG.",Replace,2,Completed intake-gasket correction is directly transferable across cylinder slots.
MR-17074949c7a6a665,104135,BAFFLE PLUG IS DAMAGED.,LEFT BAFFLE PLUG IS WORN.,2,REPLACED PLUG.,Replace,2,Historical action directly addresses the same maintenance condition; slot/location differences are transferable.
MR-d23039878cd50203,103274,INTAKES #2 & 4 LEAKING.,L/H ENG #2 & 3 INTAKES ARE LEAKING.,1,REPLACED #3 GASKET.,Replace,1,"Correct intake-gasket action, but it covers only part of the compound query."
MR-6a157744b114ef8c,101238,#2 & 4 INTAKES ARE LEAKING.,L/H ENG #2 & 3 INTAKES ARE LEAKING.,1,REPLACED #3 GASKET.,Replace,1,"Correct intake-gasket action, but it covers only part of the compound query."
MR-d12fba8046e9f4ae,100081,#2 INTAKE LEAKS.,#3 & 4 INTAKE LEAKING ON R/H ENGINE.,1,REMOVED & REPLACED INTAKE GASKETS.,Replace,2,Completed intake-gasket correction is directly transferable across cylinder slots.
MR-0dd2cf2f96f0eb6e,104863,#1 CYL INTAKE LEAKS.,CYL #4 INTAKE LEAKING.,1,REPLACED GASKET. LEAK CHECK GOOD.,Replace,2,Completed intake-gasket correction is directly transferable across cylinder slots.
MR-3a6d64518fc9839d,106106,L/H ENGINE #4 BAFFLE CRACKED.,FRONT & L/H ENGINE BAFFLE CRACKED.,1,STOP DRILLED CRACK.,Other,2,Historical action directly addresses the same maintenance condition; slot/location differences are transferable.
MR-91b5a35d978da3dd,102604,#4 INTAKE LEAKS.,"R/H ENGINE #4 INTAKE LEAKING, AND #3 INTAKE.",1,REPLACED GASKET.,Replace,2,Completed intake-gasket correction is directly transferable across cylinder slots.
MR-648d9657bc00b591,100515,#3 ROCKER COVER GASKET IS TORN.,#4 ROCKER COVER GASKET IS LEAKING.,1,REMOVED & REPLACED GASKET.,Replace,2,Historical action directly addresses the same maintenance condition; slot/location differences are transferable.
MR-91a9fee2f343c433,101434,"R/H ENG CYL #4, 3 INTAKE GASKETS LEAKING.","R/H ENG CYL #2, 3 & 4 INTAKE GASKETS ARE LEAKING.",1,REPLACED #2 GASKET.,Replace,1,"Correct intake-gasket action, but it covers only part of the compound query."
MR-46bd6f77d20c83b9,102316,ENGINE AFT BAFFLE CYL #3 AREA HAS SHEARED RIVETS ON SUPPORT,TAB ON #3 CYL AFT BAFFLE RIVETS SHEARED OFF.,2,REMOVED & REPLACED RIVETS.,Replace,2,Historical action directly addresses the same maintenance condition; slot/location differences are transferable.
MR-d73bb6798cc10c64,100991,#2 INDUCTION TUBE GASKET LEAKING.,"CYL #1, 2, 4 INTAKE GASKETS LEAKING.",1,REMOVED & REPLACED GASKETS.,Replace,2,Completed intake-gasket correction is directly transferable across cylinder slots.
MR-249d7bdbd5293f52,105029,#1 FWD BAFFLE SEAL LOOSE.,LOWER L/H FWD BAFFLE SEAL IS LOOSE.,2,REPAIRED BAFFLE SEAL & SECURED.,Adjust,2,Historical action directly addresses the same maintenance condition; slot/location differences are transferable.
MR-af16f09c1f59c6ec,104264,#3 & 4 INTAKES LEAKING.,"INTAKES 2, 3 & 4 LEAKING ON L/H ENGINE.",1,REMOVED & REPLACED W/ NEW GASKETS.,Replace,2,Completed intake-gasket correction is directly transferable across cylinder slots.
MR-276a49cbbd6ac873,102381,L/H ENG #3 INDUCTION TUBE GASKET LEAKING.,R/H ENG #3 INTAKE IS LEAKING.,1,REPLACED INTAKE GASKET.,Replace,2,Completed intake-gasket correction is directly transferable across cylinder slots.
MR-5be7fa64105fc22a,101668,"ROCKER COVER GASKETS #2, 3 TORN.","CYL #2, 3 ROCKER COVER GASKETS LEAKING.",1,REMOVED & REPLACED ROCKER COVER GASKETS.,Replace,2,Historical action directly addresses the same maintenance condition; slot/location differences are transferable.
MR-112d2fa9c8eb2a7a,104515,#2 & 1 INTAKES LEAKING.,L/H ENGINE #2 & 4 INTAKES LEAKING.,1,REPLACED GASKETS.,Replace,2,Completed intake-gasket correction is directly transferable across cylinder slots.
MR-7cce169edf76fb94,103824,"#3, 4 & 1 INTAKES ARE LEAKING.",L/H ENGINE #2 & 4 INTAKES LEAKING.,1,REPLACED GASKETS.,Replace,1,"Correct intake-gasket action, but it covers only part of the compound query."
MR-73b5081aba0f1f1b,105480,#1 & 3 INTAKES LEAKING.,"INTAKES 2, 3 & 4 LEAKING ON L/H ENGINE.",1,REMOVED & REPLACED W/ NEW GASKETS.,Replace,2,Completed intake-gasket correction is directly transferable across cylinder slots.
MR-3272cc715076445e,102316,ENGINE AFT BAFFLE CYL #3 AREA HAS SHEARED RIVETS ON SUPPORT,"AFT BAFFLE, R/H SIDE OF ENGINE, HAS SHEARED RIVET.",2,"REMOVED BAFFLE, REPLACED RIVETS W/ SCREWS & REINSTALLED",Replace,2,Historical action directly addresses the same maintenance condition; slot/location differences are transferable.
MR-c3240fcb36f76fff,106156,BAFFLE PLUG DAMAGED.,LEFT BAFFLE PLUG IS WORN.,2,REPLACED PLUG.,Replace,2,Historical action directly addresses the same maintenance condition; slot/location differences are transferable.
MR-0e9a937d736c5d70,101116,"L/H ENG, #4 INDUCTION TUBE GASKET LEAKING.",R/H ENG #3 INTAKE IS LEAKING.,1,REPLACED INTAKE GASKET.,Replace,2,Completed intake-gasket correction is directly transferable across cylinder slots.
MR-017bd2889dfe1364,101430,ENGINE OVER RIDE SPEED WAS 1225 RPM.,LAST DAILY SHUT DOWN IDLE OVER RIDE SPEED CHECK - ENGINE RPM,2,"RAN A/C, ADJUSTED IDLE SPEED. CHECKS GOOD.",Diagnose,2,Historical action directly addresses the same maintenance condition; slot/location differences are transferable.
MR-1a7e82ada6482440,100629,#2 INTAKE GASKET LEAKS.,#2 INTAKE GASKET LEAKING.,2,REPLACED GASKET.,Replace,2,Completed intake-gasket correction is directly transferable across cylinder slots.
MR-b8f66d1320f3475c,103373,"R/H FWD BAFFLE, #1 CYL SIDE, HAS A CRACK.",BAFFLE IS CRACKED ABOVE #1 CYL.,1,STOP DRILLED CRACK & INSTALLED PATCH AROUND CRACKED ARE,Replace,2,Historical action directly addresses the same maintenance condition; slot/location differences are transferable.
MR-fe9131d77a7cb27b,104677,BLACK FWD COWL (ENG) SEAL WORN BY INTAKE FILTER.,"FWD ENG SEAL WORN ABOVE VACUUM PUMP, R/H SIDE.",1,SEALED AREA W/ RTV.,Service,2,RTV sealing directly treats the same worn forward engine seal; location variation is transferable.
MR-52c02d213a65f946,101238,#2 & 4 INTAKES ARE LEAKING.,"INTAKES 2, 3 & 4 LEAKING ON L/H ENGINE.",1,REMOVED & REPLACED W/ NEW GASKETS.,Replace,2,Completed intake-gasket correction is directly transferable across cylinder slots.
MR-b09b4e6a6fff5ac6,105940,2 & 4 INTAKES LEAKING.,INTAKES 2 & 4 LEAKING ON R/H ENGINE.,2,CLINDERS NEED TO BE REPLACED. ,Replace,0,Historical record is unresolved/recommendation-only rather than a completed useful action.
MR-eb1f8954281cc26d,103861,#4 INDUCTION TUBE GASKET LEAKING.,L/H ENG #3 & 4 CYL INTAKE GASKETS LEAKING.,1,"REMOVED COWL, REMOVED & REPLACED GASKETS. REINSTALLED C",Replace,2,Completed intake-gasket correction is directly transferable across cylinder slots.
MR-3cab3bd7f0f58940,101930,#1 CYL HAS LOW COMPRESSION.,CYL #3 HAD LOW COMPRESSION (50/80).,1,"STAKED VALVE, COMPRESSION CK'ED GOOD (72).",Other,2,Historical action directly addresses the same maintenance condition; slot/location differences are transferable.
MR-457291e42f715a9e,103943,ALL ROCKER COVER SCREWS LOOSE.,ALL ROCKER COVER SCREWS LOOSE & 1 MISSING.,1,REPLACED MISSING SCREW & TIGHTENED ALL SCREWS.,Replace,2,Replacing the missing screw and tightening all screws fully addresses the loose-screw query.
MR-6e1ca9743bd08bc7,101930,#1 CYL HAS LOW COMPRESSION.,CYL #2 COMPRESSION LOW. AIR NOTED & OBSERVED OUT OF EXHAUST.,1,PERFORMED COMPRESSION ON #2 CYL AFTER RUN & NOTED 70/80,Other,1,"Relevant diagnostic/verification evidence, but no clear corrective resolution is recorded."
MR-76bdd03baff72878,103861,#4 INDUCTION TUBE GASKET LEAKING.,"CYL #1, 2, 4 INTAKE GASKETS LEAKING.",1,REMOVED & REPLACED GASKETS.,Replace,2,Completed intake-gasket correction is directly transferable across cylinder slots.
MR-ab9f75f33cdc42dc,101410,REAR R/H ENGINE BAFFLE BRACKET CRACKED.,"CRACK IN FRONT ENGINE BAFFLE, L/H SIDE.",1,STOP DRILLED CRACK.,Other,1,"Related corrective action, but an important component/fault distinction limits direct applicability."
MR-c09c92a47012837c,105480,#1 & 3 INTAKES LEAKING.,"INTAKES 2, 3 & 4 LEAKING ON R/H ENGINE.",1,REPLACED INTAKE GASKETS ON R/H ENGINE.,Replace,2,Completed intake-gasket correction is directly transferable across cylinder slots.
MR-6f5df8e3c6361c58,103796,1 BAFFLE BUTTON WORN.,L/H BAFFLE PLUG WORN.,2,REMOVED & REPLACED PLUG.,Replace,2,Historical action directly addresses the same maintenance condition; slot/location differences are transferable.
MR-7d7a1efe618da9b3,101598,CYL #2 & 3 INTAKES ARE LEAKING.,"L/H ENG #3, 4 CYL INTAKES LEAKING.",1,REMOVED & REPLACED INTAKE GASKETS.,Replace,2,Completed intake-gasket correction is directly transferable across cylinder slots.
MR-9fd0852b0a85d99f,104677,BLACK FWD COWL (ENG) SEAL WORN BY INTAKE FILTER.,"BAFFLE SEAL, ABOVE ENG INTAKE HAS WORN SPOTS.",2,INSTALLED BLACK RTV TO WORN AREAS.,Replace,2,Black RTV repair directly treats the worn seal above the engine intake.
MR-28726fe1c4593cf3,104623,INSPECTED & FOUND CRANKSHAFT TO BE GOUGED BEHIND CRANKSHAFT,CRANKSHAFT FRONT SEAL NEEDS TO BE REPLACED.,1,LEAK CK GOOD.,Other,0,Leak checking a crankshaft seal does not address the queried crankshaft gouge.
MR-a96a7c8ff5c4b864,100568,ENGINE BAFFLE PLUG TABS BROKEN.,BOTH BAFFLE PLUG TABS BROKEN OFF.,2,INSTALLED NEW PLUGS.,Replace,2,Historical action directly addresses the same maintenance condition; slot/location differences are transferable.
MR-d2a11a3785ed8465,100568,ENGINE BAFFLE PLUG TABS BROKEN.,BAFFLE PLUG ABOVE #4 CYL HAS BROKEN TABS.,2,REPLACED BAFFLE PLUGS W/ NEW.,Replace,2,Historical action directly addresses the same maintenance condition; slot/location differences are transferable.
MR-df71aaa91266e045,103598,L/H ENGINE BAFFLE CRACKED.,L/H ENGINE BAFFLE BY ROCKER COVERS CRACKED.,2,REMOVED & REPLACED L/H ENGINE BAFFLE OVER ROCKER COVERS,Replace,2,Removing and replacing the cracked engine baffle directly addresses the same condition.
MR-7ae11c0b38f016e5,101744,BAFFLE BUTTON PLUG IS WORN.,"BAFFLE SEAL, ABOVE ENG INTAKE HAS WORN SPOTS.",1,INSTALLED BLACK RTV TO WORN AREAS.,Replace,0,Action treats a worn seal rather than the queried baffle plug.
MR-a80bf17faf5e3673,100541,ALL ROCKER COVER SCREWS ARE LOOSE.,ROCKER COVER SCREWS LOOSE ON L/H ENGINE.,2,TIGHTENED SCREWS.,Adjust,1,"Tightening rocker-cover screws is relevant, but the record does not confirm coverage of the query across all cylinders."
MR-52fbf55bef5d0e7e,104621,INSPECTED & FOUND CRANKSHAFT TO BE GOUGED BEHIND CRANKSHAFT,CRANKSHAFT FRONT SEAL NEEDS TO BE REPLACED.,1,LEAK CK GOOD.,Other,0,Leak checking a crankshaft seal does not address the queried crankshaft gouge.
MR-451ec177c410799d,106132,R/H ENG #2 CYL PUSH ROD END & ROCKER SCORED.,#3 CYL ROCKER ARM & PUSH ROD GALLED ON EXHAUST SIDE.,1,REMOVED & REPLACED ROCKER ARM & PUSH ROD.,Replace,2,Historical action directly addresses the same maintenance condition; slot/location differences are transferable.
MR-7d414807e827883d,103145,INTAKES #1 & 2 LEAKING.,L/H ENGINE #2 & 4 INTAKES LEAKING.,1,REPLACED GASKETS.,Replace,2,Completed intake-gasket correction is directly transferable across cylinder slots.
MR-38a61dc44ecde8ed,103373,"R/H FWD BAFFLE, #1 CYL SIDE, HAS A CRACK.",R/H #1 CYL BAFFLE HAS A CRACK.,2,STOP DRILLED CRACK.,Other,2,Historical action directly addresses the same maintenance condition; slot/location differences are transferable.
MR-66a7eec5db0a9e11,100032,RIGHT ENG #4 AIR BAFFLE IS CRACKED,"BAFFLING CRACKED, R/H ENG BY #4 CYLINDER.",2,STOP DRILLED CRACKED BAFFLE.,Other,2,Historical action directly addresses the same maintenance condition; slot/location differences are transferable.
MR-f9d4589a97cdd6a7,103861,#4 INDUCTION TUBE GASKET LEAKING.,L/H ENGINE #2 & 4 INTAKES LEAKING.,1,REPLACED GASKETS.,Replace,2,Completed intake-gasket correction is directly transferable across cylinder slots.
MR-a00f8c6a0bcb78f4,102316,ENGINE AFT BAFFLE CYL #3 AREA HAS SHEARED RIVETS ON SUPPORT,"ENGINE BAFFLE ON #4 CYL, RIVETS SHEARED OFF.",1,"REMOVED SHEARED RIVETS, INSTALLED NEW RIVETS TO ENGINE",Replace,2,Historical action directly addresses the same maintenance condition; slot/location differences are transferable.
MR-a03881b03e9d915f,101410,REAR R/H ENGINE BAFFLE BRACKET CRACKED.,BAFFLE BRACKET CRACKED ON #3 CYLINDER.,1,REMOVED BAFFLE SECTION & OIL PRESSURE LINE. REPLACED BR,Replace,2,Replacing the cracked baffle bracket directly addresses the same bracket fault; cylinder location is transferable.
MR-8f4d36329a466cfa,100629,#2 INTAKE GASKET LEAKS.,#2 INTAKE GASKET IS LEAKING.,2,REMOVED & REPLACED GASKET.,Replace,2,Completed intake-gasket correction is directly transferable across cylinder slots.
MR-c3e8eecdd8564e06,101898,#3 INDUCTION TUBE GASKET LEAKING.,#1 INTAKE GASKET LEAKING.,1,INSTALLED NEW INTAKE GASKET.,Replace,2,Completed intake-gasket correction is directly transferable across cylinder slots.
MR-532048223cc2df41,102381,L/H ENG #3 INDUCTION TUBE GASKET LEAKING.,"#2 & 4 INTAKE GASKETS ARE LEAKING, L/H ENG.",1,"REMOVED & REPLACED INTAKE GASKETS, L/H ENG.",Replace,2,Completed intake-gasket correction is directly transferable across cylinder slots.
MR-2fad5c4d84cf2828,103173,#2 & 4 INTAKES LEAKING.,L/H ENG #2 & 3 INTAKES ARE LEAKING.,1,REPLACED #3 GASKET.,Replace,1,"Correct intake-gasket action, but it covers only part of the compound query."
MR-f67b3c1bb5a6c21f,105116,"R/H BAFFLE SEAL, BY #2 CYL, TORN.",L/H ENG CYL #2 FWD BAFFLE SEAL IS TORN.,1,REMOVED & REPLACED BAFFLE SEAL W/ NEW.,Replace,2,Historical action directly addresses the same maintenance condition; slot/location differences are transferable.
MR-5f6459e58eed32f9,101101,OIL LEAK EVIDENCE ON R/H SIDE OF ENGINE.,L/H SIIDE OF ENGINE CASE PLUG LEAKING OIL.,1,"REMOVED PLUG, CLEANED THREAD. APPLIED NEW SEALANT & REI",Replace,1,Direct repair of one historical oil-leak source; the query does not establish that source.
MR-ad4b13270ed0fea3,104702,L/H ENG #2 CYL HAS LOW COMPRESSION.,R/H ENG #1 CYL HAS LOW COMPRESSION 5/80.,1,LEAK CK GOOD.,Other,1,"Relevant diagnostic/verification evidence, but no clear corrective resolution is recorded."
MR-8ec59762f378e770,100991,#2 INDUCTION TUBE GASKET LEAKING.,#1 INTAKE GASKET LEAKING.,1,INSTALLED NEW INTAKE GASKET.,Replace,2,Completed intake-gasket correction is directly transferable across cylinder slots.
MR-ec78869879b21df0,104157,#2 & 3 INTAKES LEAKING.,"INTAKES 2, 3 & 4 LEAKING ON R/H ENGINE.",1,REPLACED INTAKE GASKETS ON R/H ENGINE.,Replace,2,Completed intake-gasket correction is directly transferable across cylinder slots.
MR-58dd13c2d49e1cfb,104863,#1 CYL INTAKE LEAKS.,#2 CYL INTAKE LEAKING.,1,REMOVED & REPLACED GASKET.,Replace,2,Completed intake-gasket correction is directly transferable across cylinder slots.
MR-11ba17258f7383bd,100515,#3 ROCKER COVER GASKET IS TORN.,ROCKER COVER GASKET FROM #3 CYLINDER TORN.,2,REMOVED & REPLACED W/ NEW GASKET.,Replace,2,Historical action directly addresses the same maintenance condition; slot/location differences are transferable.
MR-22c8afb911273bdb,103943,ALL ROCKER COVER SCREWS LOOSE.,ALL ROCKER COVER SCREWS ARE LOOSE ON L/H ENGINE.,2,TIGHTENED ALL SCREWS.,Adjust,2,Historical action directly addresses the same maintenance condition; slot/location differences are transferable.
MR-794d87c5bb0cdc59,104674,R/H REAR BAFFLE INSP HOLE WORN.,L/H SIDE BAFFLE HOLE WORN TOO LARGE FOR BAFFLE PLUG.,1,INSTALLED PATCH ON #4 SIDE BAFFLE.,Replace,2,Installing a patch directly repairs the same worn/oversized baffle inspection-hole condition.
MR-65f1d0cfcf2db7b9,102316,ENGINE AFT BAFFLE CYL #3 AREA HAS SHEARED RIVETS ON SUPPORT,#4 CYL AFT BAFFLE HAS 2 RIVETS SHEARED.,1,REMOVED RIVETS & INSTALLED SCREWS & NUTS. TIGHTENED.,Replace,2,Historical action directly addresses the same maintenance condition; slot/location differences are transferable.
MR-59cbc75c193de91b,101434,"R/H ENG CYL #4, 3 INTAKE GASKETS LEAKING.","R/H ENG CYL #2, 3, 4 INTAKE GASKETS LEAKING.",1,REMOVED & REPLACED R/H ENG INTAKE GASKETS.,Replace,2,Completed intake-gasket correction is directly transferable across cylinder slots.
MR-660c84bb35f3e01c,102327,#3 INDUCTION TUBE GASKET LEAKING.,"R/H ENGINE #4 INTAKE LEAKING, AND #3 INTAKE.",1,REPLACED GASKET.,Replace,2,Completed intake-gasket correction is directly transferable across cylinder slots.
MR-caf1fb9e05e1e787,100392,R/H #4 SIDE BAFFLE MISSING BOLTS.,"TOP FRONT R/H BAFFLE, BAFFLE SEAL RIVET PULLED THROUGH.",1,DRILLED OUT RIVET & INSTALLED SCREW & NUT TO ATTACH R/H,Replace,1,"The screw-and-nut repair is useful baffle-attachment evidence, but the historical fault is a pulled rivet rather than missing bolts."
MR-afcbd352e375e177,103943,ALL ROCKER COVER SCREWS LOOSE.,"#2, 3, 4 ROCKER COVER SCREWS LOOSE ON R/H ENG.",1,"TIGHTENED ALL SCREWS ON #2, 3, 4 ROCKER COVERS.",Adjust,1,"Tightening cylinders 2, 3 and 4 is relevant, but it covers only part of the query for all rocker-cover screws."
MR-605297909a008797,101410,REAR R/H ENGINE BAFFLE BRACKET CRACKED.,"L/H ENGINE, LEFT AFT BAFFLE BRACKET IS CRACKED.",1,REMOVED & REPLACED BRACKET.,Replace,2,Historical action directly addresses the same maintenance condition; slot/location differences are transferable.
MR-c5138f56568fabe7,101101,OIL LEAK EVIDENCE ON R/H SIDE OF ENGINE.,"OIL LEAK AT R/H ENGINE BACK BONE, AFT BOLT.",2,SEALED BOLT & TORQUED. LEAK CK GOOD.,Adjust,1,Direct repair of one historical oil-leak source; the query does not establish that source.
MR-22b60b870ae68bd4,105286,#1 & 4 INTAKES LEAKING.,"INTAKES 2, 3 & 4 LEAKING ON R/H ENGINE.",1,REPLACED INTAKE GASKETS ON R/H ENGINE.,Replace,2,Completed intake-gasket correction is directly transferable across cylinder slots.
MR-57d4ab844cc0a29a,103074,"R/H ENGINE FOAM SEAL LOOSE ON BULKHEAD, BEHIND ENGINE INLET",R/H ENGINE LWR FIRESEAL LOOSE.,1,REATTACHED LWR FIRESEAL.,Service,1,"Reattaching a loose fireseal is relevant seal-attachment evidence, but the queried foam seal is a distinct component."
MR-38923729cb274813,100197,#2 & 4 INTAKES ARE LEAKING.,L/H ENGINE #2 & 4 INTAKES LEAKING.,2,REPLACED GASKETS.,Replace,2,Completed intake-gasket correction is directly transferable across cylinder slots.
MR-e9c6a19144482592,101877,#3 INDUCTION TUBE GASKET LEAKING.,L/H ENGINE #2 & 4 INTAKES LEAKING.,1,REPLACED GASKETS.,Replace,2,Completed intake-gasket correction is directly transferable across cylinder slots.
MR-57122e659517f721,100112,L/H ENGINE #4 AFT BAFFLE CRACKED IN MULTIPLE PLACES.,#3 AFT BAFFLE CRACKED ON R/H ENGINE.,1,"REMOVED BAFFLE, STOP DRILLED CRACK, FABRICATED & INSTAL",Repair,2,Historical action directly addresses the same maintenance condition; slot/location differences are transferable.
MR-a565bcc575d11597,105480,#1 & 3 INTAKES LEAKING.,INTAKES 2 & 4 LEAKING ON R/H ENGINE.,1,CLINDERS NEED TO BE REPLACED. ,Replace,0,Historical record is unresolved/recommendation-only rather than a completed useful action.
MR-1cabe8fb8c34d4ed,103145,INTAKES #1 & 2 LEAKING.,"INTAKES 2, 3 & 4 LEAKING ON R/H ENGINE.",1,REPLACED INTAKE GASKETS ON R/H ENGINE.,Replace,2,Completed intake-gasket correction is directly transferable across cylinder slots.
MR-3f3678354d7d0062,105029,#1 FWD BAFFLE SEAL LOOSE.,FWD LOWER BAFFLE SEAL LOOSE.,2,RESECURED BAFFLE SEAL.,Adjust,2,Historical action directly addresses the same maintenance condition; slot/location differences are transferable.
MR-9755910102d335ba,103598,L/H ENGINE BAFFLE CRACKED.,CRACK IN R/H AFT ENGINE BAFFLE.,1,STOP DRILLED CRACK.,Other,2,Historical action directly addresses the same maintenance condition; slot/location differences are transferable.
MR-b99e5bd937aea47a,103145,INTAKES #1 & 2 LEAKING.,L/H ENG #2 & 3 INTAKES ARE LEAKING.,1,REPLACED #3 GASKET.,Replace,1,"Correct intake-gasket action, but it covers only part of the compound query."
MR-c3572dece682b10c,104031,#4 AFT BAFFLE CRACKED.,TOP BAFFLE IS CRACKED.,1,FABRICATED PATCHES OUT OF LIKE MATERIAL & INSTALLED. RI,Replace,2,Historical action directly addresses the same maintenance condition; slot/location differences are transferable.
MR-3c2cebfa6d6c4400,100568,ENGINE BAFFLE PLUG TABS BROKEN.,L/H SIDE BAFFLE PLUG HAS BROKEN TABS.,2,REPLACED W/ NEW BAFFLE PLUG.,Replace,2,Historical action directly addresses the same maintenance condition; slot/location differences are transferable.
MR-1b67690e64646568,104515,#2 & 1 INTAKES LEAKING.,L/H ENG #2 & 3 INTAKES ARE LEAKING.,1,REPLACED #3 GASKET.,Replace,1,"Correct intake-gasket action, but it covers only part of the compound query."
MR-3384dc2bf36dd790,102327,#3 INDUCTION TUBE GASKET LEAKING.,"CYL #1, 2, 4 INTAKE GASKETS LEAKING.",1,REMOVED & REPLACED GASKETS.,Replace,2,Completed intake-gasket correction is directly transferable across cylinder slots.
MR-f7f4fec2d791d3b1,105306,#2 & 4 INTAKES LEAKING.,"INTAKES 2, 3 & 4 LEAKING ON R/H ENGINE.",1,REPLACED INTAKE GASKETS ON R/H ENGINE.,Replace,2,Completed intake-gasket correction is directly transferable across cylinder slots.
MR-d89a1addc88ba34c,103758,"L/H ENG, L/H FWD BAFFLE SEAL IS LOOSE.",BAFFLE SEAL LOOSE ON R/H ENG #1 SIDE BAFFLE.,1,SECURED BAFFLE SEAL BACK ON ENGINE BAFFLE.,Adjust,2,Historical action directly addresses the same maintenance condition; slot/location differences are transferable.
MR-ae3099b6f2da9ca6,100636,R/H ENGINE #3 INDUCTION TUBE GASKET LEAKING.,L/H ENGINE #4 INTAKE LEAKING.,1,REPLACED GASKET.,Replace,2,Completed intake-gasket correction is directly transferable across cylinder slots.
MR-d9d65fab98e36eee,100958,#4 ROCKER COVER SCREWS LOOSE.,SOME ROCKER COVER SCREWS LOOSE.,2,TIGHTENED ALL ROCKER COVER SCREWS.,Adjust,2,Historical action directly addresses the same maintenance condition; slot/location differences are transferable.
MR-18ad6f7f43fb94e7,103598,L/H ENGINE BAFFLE CRACKED.,#3 AFT BAFFLE CRACKED ON R/H ENGINE.,1,"REMOVED BAFFLE, STOP DRILLED CRACK, FABRICATED & INSTAL",Repair,2,Historical action directly addresses the same maintenance condition; slot/location differences are transferable.
MR-be8492cbe7b2ce1d,103087,#2 & 4 INTAKES LEAKING.,"INTAKES 2, 3 & 4 LEAKING ON R/H ENGINE.",1,REPLACED INTAKE GASKETS ON R/H ENGINE.,Replace,2,Completed intake-gasket correction is directly transferable across cylinder slots.
MR-92f44063a7b8a922,105286,#1 & 4 INTAKES LEAKING.,INTAKES 2 & 4 LEAKING ON R/H ENGINE.,1,CLINDERS NEED TO BE REPLACED. ,Replace,0,Historical record is unresolved/recommendation-only rather than a completed useful action.
MR-2bb8e0a05e6bf8a0,104135,BAFFLE PLUG IS DAMAGED.,BAFFLE PLUG WORN.,2,INSTALLED NEW BAFFLE PLUG.,Replace,2,Historical action directly addresses the same maintenance condition; slot/location differences are transferable.
MR-0666e15565f819e4,100541,ALL ROCKER COVER SCREWS ARE LOOSE.,ALL ROCKER COVER SCREWS ARE LOOSE ON L/H ENGINE.,2,TIGHTENED ALL SCREWS.,Adjust,2,Historical action directly addresses the same maintenance condition; slot/location differences are transferable.
MR-0916d306b175f4d3,103274,INTAKES #2 & 4 LEAKING.,L/H ENGINE #2 & 4 INTAKES LEAKING.,2,REPLACED GASKETS.,Replace,2,Completed intake-gasket correction is directly transferable across cylinder slots.
MR-166b3077daedd5c0,105029,#1 FWD BAFFLE SEAL LOOSE.,"AFT BAFFLE SEAL LOOSE, R/H SIDE.",1,RESECURED BAFFLE SEAL.,Adjust,2,Historical action directly addresses the same maintenance condition; slot/location differences are transferable.
MR-696abde081ffa84e,100540,#1 INTAKE GASKET LEAKS.,#2 INTAKE GASKET LEAKING.,1,REPLACED GASKET.,Replace,2,Completed intake-gasket correction is directly transferable across cylinder slots.
MR-189f92435e66943d,101698,#4 INTAKE TUBE LOOSE.,CYL #1 INTAKE TUBE IS LOOSE.,1,"REPLACED INTAKE GASKETS FOR CYL #1, INTAKE IS SECURE.",Replace,2,Historical action directly addresses the same maintenance condition; slot/location differences are transferable.
MR-90991c5539607c79,100264,#3 INTAKE LEAKING AT CLAMP.,#4 INTAKE LEAKING ON R/H ENGINE.,1,REMOVED & REPLACED INTAKE GASKET.,Replace,1,"Intake-gasket replacement is relevant leak evidence, but the query explicitly locates the leak at the clamp, which may require a different correction."
MR-ec1ede12eda5b091,103943,ALL ROCKER COVER SCREWS LOOSE.,#2 & 4 CYL ROCKER COVER SCREWS ARE LOOSE.,1,TIGHTENED SCREWS.,Adjust,1,"Tightening cylinders 2 and 4 is relevant, but it covers only part of the query for all rocker-cover screws."
MR-c755d2e2a23afb30,101225,"CRACK ON ENGINE BAFFLE, LEFT SIDE, BY #3 CYLINDER.",ENGINE BAFFLE CRACKED ABOVE #1 CYL.,1,STOP DRILLED CRACK.,Other,2,Historical action directly addresses the same maintenance condition; slot/location differences are transferable.
MR-edab39d9cf6afdd4,106156,BAFFLE PLUG DAMAGED.,CYLINDER #4 BAFFLE PLUG TEETH ARE BROKEN.,2,REMOVED & REPLACED BAFFLE PLUG.,Replace,2,Historical action directly addresses the same maintenance condition; slot/location differences are transferable.
MR-2f6af32e9573f04b,105178,#1 ROCKER COVER GASKET LEAKS.,#2 ROCKER COVER GASKET LEAKING.,1,REMOVED & REPLACED GASKET.,Replace,2,Historical action directly addresses the same maintenance condition; slot/location differences are transferable.
MR-ba7b669fbe6738a9,103758,"L/H ENG, L/H FWD BAFFLE SEAL IS LOOSE.",R/H ENG #4 AFT BAFFLE SEAL LOOSE.,1,INSTALLED WASHER & RIVET.,Replace,2,Historical action directly addresses the same maintenance condition; slot/location differences are transferable.
MR-c3a120cf3ded5999,101898,#3 INDUCTION TUBE GASKET LEAKING.,L/H ENGINE #2 & 4 INTAKES LEAKING.,1,REPLACED GASKETS.,Replace,2,Completed intake-gasket correction is directly transferable across cylinder slots.
MR-42c875ff085891e1,100958,#4 ROCKER COVER SCREWS LOOSE.,#2 & 4 CYL ROCKER COVER SCREWS ARE LOOSE.,1,TIGHTENED SCREWS.,Adjust,2,Historical action directly addresses the same maintenance condition; slot/location differences are transferable.
MR-e5141b2504f5376c,104031,#4 AFT BAFFLE CRACKED.,L/H BACK BAFFLE HAS A CRACK.,2,STOP DRILLED CRACK.,Other,2,Historical action directly addresses the same maintenance condition; slot/location differences are transferable.
MR-5eae615cd05a33ab,106168,"DURING RUN UP, #2 CYL WAS COLD & ENGINE SHOCK VIOLENTLY (ENG",L/H ENGINE #2 CYL LOST CHT & EGT DURING LANDING. ALSO STARTE,1,REMOVED & REPLACED #2 CYL ASSY ON LEFT ENGINE. CHANGED,Replace,1,"Cylinder replacement is meaningful evidence for a similar cold-cylinder/CHT-EGT symptom, but the failure context is not identical."
MR-b661ed38451b463a,101898,#3 INDUCTION TUBE GASKET LEAKING.,"CYL #1, 2, 4 INTAKE GASKETS LEAKING.",1,REMOVED & REPLACED GASKETS.,Replace,2,Completed intake-gasket correction is directly transferable across cylinder slots.
MR-04d455d97a6ae5b7,104071,"R/H ENG, R/H REAR BAFFLE IS CRACKED.","CRACK NOTED ON UNDERSIDE OF #1 ENG CYL BAFFLE, BY NUTS.",1,STOP DRILLED CRACK.,Other,2,Historical action directly addresses the same maintenance condition; slot/location differences are transferable.
MR-9fc8aa98db7abc70,101458,#3 CYLINDER ON R/H ENGINE HAS LOW COMPRESSION.,R/H ENGINE #4 CYL LOW ON COMPRESSION (30 LBS).,1,"ADDED 8 QTS OF MINERAL OI. RAN ENGINE, NO LEAKS. OPS CK",Other,0,Adding oil and recording an operational check does not diagnose or correct the low-compression condition.
MR-92e959ad32ad7527,102381,L/H ENG #3 INDUCTION TUBE GASKET LEAKING.,L/H ENG #3 INTAKE IS LEAKING.,2,REPLACED INTAKE GASKET.,Replace,2,Completed intake-gasket correction is directly transferable across cylinder slots.
MR-238efdf6c486ae7e,101410,REAR R/H ENGINE BAFFLE BRACKET CRACKED.,"CRACK IN ENGINE COOLING BAFFLE, AROUND LANDING LIGHT WIRE SE",1,STOP DRILLED CRACK.,Other,1,"Related corrective action, but an important component/fault distinction limits direct applicability."
MR-b7fbc31f05cfc70a,105048,#2 & 4 INTAKES LEAKING.,"INTAKES 2, 3 & 4 LEAKING ON R/H ENGINE.",1,REPLACED INTAKE GASKETS ON R/H ENGINE.,Replace,2,Completed intake-gasket correction is directly transferable across cylinder slots.
MR-cda226687dc3aa89,102604,#4 INTAKE LEAKS.,CYL #2 INTAKE LEAKING.,1,REMOVED & REPLACED INTAKE GASKET.,Replace,2,Completed intake-gasket correction is directly transferable across cylinder slots.
MR-914b9d0372d8562e,101410,REAR R/H ENGINE BAFFLE BRACKET CRACKED.,R/H ENGINE AFT I/B BAFFLE @ OIL COOLER CRACKED.,1,STOP DRILLED CRACKS IN BAFFLE.,Other,1,"Related corrective action, but an important component/fault distinction limits direct applicability."
MR-6e9b141dad6bb91e,106156,BAFFLE PLUG DAMAGED.,"BAFFLE PLUG DAMAGED, REQUIRES REPLACEMENT.",2,REMOVED & REPLACED BAFFLE PLUG.,Replace,2,Historical action directly addresses the same maintenance condition; slot/location differences are transferable.
MR-e5d0b9c25efa9265,102823,#1 & 4 INTAKES LEAKING.,L/H ENGINE #2 & 4 INTAKES LEAKING.,1,REPLACED GASKETS.,Replace,2,Completed intake-gasket correction is directly transferable across cylinder slots.
MR-d3edd6a62147dd7f,104135,BAFFLE PLUG IS DAMAGED.,L/H BAFFLE PLUG WORN.,2,REMOVED & REPLACED PLUG.,Replace,2,Historical action directly addresses the same maintenance condition; slot/location differences are transferable.
MR-6448dddfff16567e,102624,COWL SEAL BY #2 CYL NEEDS TO BE REATTCHED TO BAFFLING.,#2 CYL BOTTOM FRONT BAFFLING HAS A CRACK.,1,STOP DRILLED CRACK.,Other,0,Historical action addresses a different component/fault or provides no meaningful action for the query.
MR-5030850d18df4aea,100197,#2 & 4 INTAKES ARE LEAKING.,L/H ENG #2 & 3 INTAKES ARE LEAKING.,1,REPLACED #3 GASKET.,Replace,1,"Correct intake-gasket action, but it covers only part of the compound query."
MR-1a67f2105bb66ca4,103145,INTAKES #1 & 2 LEAKING.,"INTAKES 2, 3 & 4 LEAKING ON L/H ENGINE.",1,REMOVED & REPLACED W/ NEW GASKETS.,Replace,2,Completed intake-gasket correction is directly transferable across cylinder slots.
MR-ca11e5f38a081386,101698,#4 INTAKE TUBE LOOSE.,#2 CYL INTAKE TUBE BOLT BROKEN.,1,REMOVED BROKEN BOLT.,Other,1,"Removing a broken intake-tube bolt is a relevant intermediate repair step, but it does not show the tube finally secured."
MR-19aa0b24b0a7c070,100568,ENGINE BAFFLE PLUG TABS BROKEN.,R/H ENGINE BAFFLE PLUG BROKEN.,2,INSTALLED NEW BAFFLE PLUG.,Replace,2,Historical action directly addresses the same maintenance condition; slot/location differences are transferable.
MR-8eac07e7df7bfbb0,103087,#2 & 4 INTAKES LEAKING.,INTAKES 2 & 4 LEAKING ON R/H ENGINE.,2,CLINDERS NEED TO BE REPLACED. ,Replace,0,Historical record is unresolved/recommendation-only rather than a completed useful action.
MR-c1651f97c74f31e0,100515,#3 ROCKER COVER GASKET IS TORN.,CYL #2 ROCKER COVER GASKET DAMAGED.,1,REMOVED & REPLACED ROCKER COVER GASKET.,Replace,2,Historical action directly addresses the same maintenance condition; slot/location differences are transferable.
MR-a84cd6d4ee5e3894,100727,REAR BAFFLE PLUGS WORN OUT.,TOP ENGINE COOLING FAN BAFFLE PLUGS WORN OUT.,1,REMOVED & REPLACED BAFFLE PLUGS.,Replace,2,Historical action directly addresses the same maintenance condition; slot/location differences are transferable.
MR-34c042f783cc8c1e,102624,COWL SEAL BY #2 CYL NEEDS TO BE REATTCHED TO BAFFLING.,#1 CYL BAFFLING CRACK EXTENDING BEYOND STOP DRILL.,1,STOP DRILLED CRACK & INSTALLED DOUBLER PLATE IN REFEREN,Replace,0,Historical action addresses a different component/fault or provides no meaningful action for the query.
MR-c649749b3e3f77d1,105048,#2 & 4 INTAKES LEAKING.,INTAKES 2 & 4 LEAKING ON R/H ENGINE.,2,CLINDERS NEED TO BE REPLACED. ,Replace,0,Historical record is unresolved/recommendation-only rather than a completed useful action.
MR-ad4c2431058fb055,100541,ALL ROCKER COVER SCREWS ARE LOOSE.,"#2, 3, 4 ROCKER COVER SCREWS LOOSE ON R/H ENG.",1,"TIGHTENED ALL SCREWS ON #2, 3, 4 ROCKER COVERS.",Adjust,1,"Tightening cylinders 2, 3 and 4 is relevant, but it covers only part of the query for all rocker-cover screws."
MR-e65a1804920cf255,103861,#4 INDUCTION TUBE GASKET LEAKING.,"R/H ENGINE #4 INTAKE LEAKING, AND #3 INTAKE.",1,REPLACED GASKET.,Replace,2,Completed intake-gasket correction is directly transferable across cylinder slots.
MR-8845d5fb91ba5bfe,102823,#1 & 4 INTAKES LEAKING.,INTAKES 2 & 4 LEAKING ON R/H ENGINE.,1,CLINDERS NEED TO BE REPLACED. ,Replace,0,Historical record is unresolved/recommendation-only rather than a completed useful action.
MR-a838989bcc9dc224,105286,#1 & 4 INTAKES LEAKING.,L/H ENGINE #2 & 4 INTAKES LEAKING.,1,REPLACED GASKETS.,Replace,2,Completed intake-gasket correction is directly transferable across cylinder slots.
MR-5d410d32ecc54d8f,104863,#1 CYL INTAKE LEAKS.,L/H ENG CYL #4 INTAKE IS LEAKING.,1,REMOVED & REPLACED INTAKE GASKET.,Replace,2,Completed intake-gasket correction is directly transferable across cylinder slots.
MR-89f502d78e9363a6,104031,#4 AFT BAFFLE CRACKED.,CRACK ON #4 CYLINDER AFT BAFFLE.,2,STOP DRILLED CRACK.,Other,2,Historical action directly addresses the same maintenance condition; slot/location differences are transferable.
MR-3006d315a7aca97b,103824,"#3, 4 & 1 INTAKES ARE LEAKING.","INTAKES 2, 3 & 4 LEAKING ON L/H ENGINE.",1,REMOVED & REPLACED W/ NEW GASKETS.,Replace,2,Completed intake-gasket correction is directly transferable across cylinder slots.
MR-6c7c6bd95f3f5521,101371,AFT BAFFLE BRACKET MISSING SCREW.,MISSING SCREW FRONT BAFFLE ON R/H SIDE.,1,INSTALLED NEW SCREW.,Replace,1,"Installing a baffle screw is useful attachment evidence, but the query specifies an aft bracket and the historical case a front baffle."
MR-9af5e747174f5778,103173,#2 & 4 INTAKES LEAKING.,"INTAKES 2, 3 & 4 LEAKING ON R/H ENGINE.",1,REPLACED INTAKE GASKETS ON R/H ENGINE.,Replace,2,Completed intake-gasket correction is directly transferable across cylinder slots.
MR-e4bc60ada659508c,100641,R/H ENG #2 & 4 INDUCTION TUBE GASKETS LEAKING.,L/H ENG #3 INTAKE IS LEAKING.,1,REPLACED INTAKE GASKET.,Replace,1,"Correct intake-gasket action, but it covers only part of the compound query."
MR-00e1bc9fd9045de7,104471,"#1, 2, 4 INTAKES LEAKING.",INTAKES 2 & 4 LEAKING ON R/H ENGINE.,1,CLINDERS NEED TO BE REPLACED. ,Replace,0,Historical record is unresolved/recommendation-only rather than a completed useful action.
MR-748037aca5f42eb1,100112,L/H ENGINE #4 AFT BAFFLE CRACKED IN MULTIPLE PLACES.,L/H ENGINE BAFFLE BY ROCKER COVERS CRACKED.,1,REMOVED & REPLACED L/H ENGINE BAFFLE OVER ROCKER COVERS,Replace,1,"Action is relevant to the same problem class, but the recorded target or completion is not sufficiently explicit for a strong label."
MR-ad03be8eb542d77e,100541,ALL ROCKER COVER SCREWS ARE LOOSE.,ALL ROCKER COVER SCREWS LOOSE & 1 MISSING.,1,REPLACED MISSING SCREW & TIGHTENED ALL SCREWS.,Replace,2,Replacing the missing screw and tightening all screws fully addresses the loose-screw query.
MR-d29f7e1112c1284c,105940,2 & 4 INTAKES LEAKING.,"INTAKES 2, 3 & 4 LEAKING ON R/H ENGINE.",1,REPLACED INTAKE GASKETS ON R/H ENGINE.,Replace,2,Completed intake-gasket correction is directly transferable across cylinder slots.
MR-1432d172bb2cfa6d,100727,REAR BAFFLE PLUGS WORN OUT.,TABS ARE WORN OFF OF BAFFLE PLUGS.,2,REPLACED BAFFLE PLUGS.,Replace,2,Historical action directly addresses the same maintenance condition; slot/location differences are transferable.
MR-28a8fbc91e8b904b,100958,#4 ROCKER COVER SCREWS LOOSE.,"#2, 3, 4 ROCKER COVER SCREWS LOOSE ON R/H ENG.",1,"TIGHTENED ALL SCREWS ON #2, 3, 4 ROCKER COVERS.",Adjust,2,Historical action directly addresses the same maintenance condition; slot/location differences are transferable.
MR-a421f400e24de48a,103274,INTAKES #2 & 4 LEAKING.,"INTAKES 2, 3 & 4 LEAKING ON R/H ENGINE.",1,REPLACED INTAKE GASKETS ON R/H ENGINE.,Replace,2,Completed intake-gasket correction is directly transferable across cylinder slots.
MR-d19925002c69ac0d,104157,#2 & 3 INTAKES LEAKING.,INTAKES 2 & 4 LEAKING ON R/H ENGINE.,1,CLINDERS NEED TO BE REPLACED. ,Replace,0,Historical record is unresolved/recommendation-only rather than a completed useful action.
MR-d16c43bb3745bd33,101430,ENGINE OVER RIDE SPEED WAS 1225 RPM.,ENGINE IDLE OVERRIDE KILLED ENGINE.,1,"TRIED TO ADJUST IDLE SEVERAL TIMES, WOULDN'T ADJUST.",Adjust,0,Historical record is unresolved/recommendation-only rather than a completed useful action.
MR-bed1d8f7ff6b79d0,104674,R/H REAR BAFFLE INSP HOLE WORN.,#1 CYL FWD BAFFLE SEAL HAS A HOLE WORN IN IT.,1,REPAIRED W/ HIGH TEMP SILICONE.,Repair,0,Historical action addresses a different component/fault or provides no meaningful action for the query.
MR-9e171192e1f6f6e5,101264,CYL #3 ROCKER COVER IS MISSING A SCREW.,SCREW MISSING FROM L/H ENGINE #3 ROCKER COVER.,2,INSTALLED NEW HARDWARE.,Replace,2,Historical action directly addresses the same maintenance condition; slot/location differences are transferable.
MR-0d8d249dff5c8ad3,105048,#2 & 4 INTAKES LEAKING.,"INTAKES 2, 3 & 4 LEAKING ON L/H ENGINE.",1,REMOVED & REPLACED W/ NEW GASKETS.,Replace,2,Completed intake-gasket correction is directly transferable across cylinder slots.
MR-2a833fcd5274c02d,101698,#4 INTAKE TUBE LOOSE.,#1 INTAKE TUBE DAMAGED.,1,CANNED CYL #1 INTAKE PIPE FROM INVENTORY ITEM. REMOVED,Other,0,The record only removes/cans a damaged intake pipe and does not show a completed correction for a loose tube.
MR-c86d942c915de0e1,103943,ALL ROCKER COVER SCREWS LOOSE.,ROCKER COVER SCREWS LOOSE ON L/H ENGINE.,2,TIGHTENED SCREWS.,Adjust,1,"Tightening rocker-cover screws is relevant, but the record does not confirm coverage of the query across all cylinders."
MR-a72878689106ceb4,100540,#1 INTAKE GASKET LEAKS.,#2 INTAKE GASKET IS LEAKING.,1,REMOVED & REPLACED GASKET.,Replace,2,Completed intake-gasket correction is directly transferable across cylinder slots.
MR-3ef57f6477282be7,101898,#3 INDUCTION TUBE GASKET LEAKING.,L/H ENG #3 & 4 CYL INTAKE GASKETS LEAKING.,1,"REMOVED COWL, REMOVED & REPLACED GASKETS. REINSTALLED C",Replace,2,Completed intake-gasket correction is directly transferable across cylinder slots.
MR-e4167fe57c15c87b,101980,"R/H ENG #2, 3 & 4 ROCKER BOX COVERS LEAKING.",R/H ENG #2 & 3 ROCKER GASKETS ARE LEAKING.,1,"REMOVED & REPLACED ROCKER COVER GASKETS, R/H ENG.",Replace,1,"Rocker-cover gasket replacement is directly relevant, but the historical record covers fewer cylinders than the compound query."
MR-6f28d0b867ef1017,105286,#1 & 4 INTAKES LEAKING.,"INTAKES 2, 3 & 4 LEAKING ON L/H ENGINE.",1,REMOVED & REPLACED W/ NEW GASKETS.,Replace,2,Completed intake-gasket correction is directly transferable across cylinder slots.
MR-36a563c1879329ba,101238,#2 & 4 INTAKES ARE LEAKING.,INTAKES 2 & 4 LEAKING ON R/H ENGINE.,2,CLINDERS NEED TO BE REPLACED. ,Replace,0,Historical record is unresolved/recommendation-only rather than a completed useful action.
MR-3196521221de3dbc,100392,R/H #4 SIDE BAFFLE MISSING BOLTS.,#4 AFT BAFFLE MISSING SCREW.,1,REINSTALLED SCREW.,Other,1,"Reinstalling one baffle screw is relevant, but it only partially covers the query for missing side-baffle bolts."
MR-765b566a58279314,101877,#3 INDUCTION TUBE GASKET LEAKING.,"R/H ENGINE #4 INTAKE LEAKING, AND #3 INTAKE.",1,REPLACED GASKET.,Replace,2,Completed intake-gasket correction is directly transferable across cylinder slots.
MR-9ffb23b904be99f2,103373,"R/H FWD BAFFLE, #1 CYL SIDE, HAS A CRACK.",BAFFLE CRACKED ABOVE #1 CYL.,1,"REMOVED BAFFLE, STOP DRILLED CRACK. FABRICATED PATCH, P",Repair,2,Historical action directly addresses the same maintenance condition; slot/location differences are transferable.
MR-6640cb4f1c021212,102604,#4 INTAKE LEAKS.,R/H ENG #4 INTAKE IS LEAKING.,2,"REPLACED GASKET, CLEANED AREA.",Replace,2,Completed intake-gasket correction is directly transferable across cylinder slots.
MR-797cb09e7ad54e5b,102823,#1 & 4 INTAKES LEAKING.,"INTAKES 2, 3 & 4 LEAKING ON L/H ENGINE.",1,REMOVED & REPLACED W/ NEW GASKETS.,Replace,2,Completed intake-gasket correction is directly transferable across cylinder slots.
MR-a4727dd26372bdeb,104264,#3 & 4 INTAKES LEAKING.,L/H ENGINE #2 & 4 INTAKES LEAKING.,1,REPLACED GASKETS.,Replace,2,Completed intake-gasket correction is directly transferable across cylinder slots.
MR-5f976d527ce0923c,101116,"L/H ENG, #4 INDUCTION TUBE GASKET LEAKING.","#2 & 4 INTAKE GASKETS ARE LEAKING, L/H ENG.",1,"REMOVED & REPLACED INTAKE GASKETS, L/H ENG.",Replace,2,Completed intake-gasket correction is directly transferable across cylinder slots.
MR-9f13b4bb2b0bc7f1,100081,#2 INTAKE LEAKS.,R/H ENG #4 INTAKE IS LEAKING.,1,"REPLACED GASKET, CLEANED AREA.",Replace,2,Completed intake-gasket correction is directly transferable across cylinder slots.
MR-b91268b1540b6c39,105480,#1 & 3 INTAKES LEAKING.,L/H ENGINE #2 & 4 INTAKES LEAKING.,1,REPLACED GASKETS.,Replace,2,Completed intake-gasket correction is directly transferable across cylinder slots.
MR-fe187c63532d1440,104071,"R/H ENG, R/H REAR BAFFLE IS CRACKED.",R/H ENG BAFFLE CRACKED ON LEFT SIDE OF OIL COOLER.,1,SEPERATED FROM SIDE BAFFLE & FOUND CRACK TO BE PREVIOUS,Diagnose,1,"Inspection confirmed the same baffle-crack condition, but no new corrective action is recorded."
MR-006b2eca065e859b,106156,BAFFLE PLUG DAMAGED.,BAFFLE PLUG WORN.,2,INSTALLED NEW BAFFLE PLUG.,Replace,2,Historical action directly addresses the same maintenance condition; slot/location differences are transferable.
MR-9eb45a9a1765678a,105610,#3 & 4 INTAKES LEAKING.,L/H ENGINE #2 & 4 INTAKES LEAKING.,1,REPLACED GASKETS.,Replace,2,Completed intake-gasket correction is directly transferable across cylinder slots.
MR-54173fedac8029e9,101598,CYL #2 & 3 INTAKES ARE LEAKING.,#2 & 4 CYL INTAKES LEAKING ON L/H ENGINE.,1,REMOVED & REPLACED INTAKE GASKETS.,Replace,2,Completed intake-gasket correction is directly transferable across cylinder slots.
MR-753e3dc2c02ce220,103861,#4 INDUCTION TUBE GASKET LEAKING.,#1 INTAKE GASKET LEAKING.,1,INSTALLED NEW INTAKE GASKET.,Replace,2,Completed intake-gasket correction is directly transferable across cylinder slots.
MR-201bdc3d133f4b7f,104071,"R/H ENG, R/H REAR BAFFLE IS CRACKED.","L/H ENG, L/H AFT BAFFLE CRACKED, SEVERAL PLACES.",1,REPLACED BAFFLE W/ REPAIRED ASSY.,Replace,2,Historical action directly addresses the same maintenance condition; slot/location differences are transferable.
MR-cdd19c04a0caca0e,105610,#3 & 4 INTAKES LEAKING.,"INTAKES 2, 3 & 4 LEAKING ON L/H ENGINE.",1,REMOVED & REPLACED W/ NEW GASKETS.,Replace,2,Completed intake-gasket correction is directly transferable across cylinder slots.
MR-03f3c410586b0eac,101225,"CRACK ON ENGINE BAFFLE, LEFT SIDE, BY #3 CYLINDER.","ENGINE BAFFLE CRACKED, AFT OF #3 CYL, L/H ENG.",2,STOP DRILLED CRACKS.,Other,2,Historical action directly addresses the same maintenance condition; slot/location differences are transferable.
MR-b8b0af22d5975ed9,100958,#4 ROCKER COVER SCREWS LOOSE.,ALL ROCKER COVER SCREWS ARE LOOSE ON L/H ENGINE.,1,TIGHTENED ALL SCREWS.,Adjust,2,Historical action directly addresses the same maintenance condition; slot/location differences are transferable.
MR-184ed4ffa20d2ced,100727,REAR BAFFLE PLUGS WORN OUT.,BAFFLE PLUGS ARE WORN OUT.,2,REMOVED & REPLACED PLUGS.,Replace,2,Historical action directly addresses the same maintenance condition; slot/location differences are transferable.
MR-de68941e5f506493,101434,"R/H ENG CYL #4, 3 INTAKE GASKETS LEAKING.",R/H ENG CYL #3 & 4 INTAKE GASKETS LEAKING.,2,REPLACED GASKETS.,Replace,2,Completed intake-gasket correction is directly transferable across cylinder slots.
MR-5dc2e0573ff3bf35,100112,L/H ENGINE #4 AFT BAFFLE CRACKED IN MULTIPLE PLACES.,"L/H ENGINE, ENGINE BAFFLE CRACKED AT OIL COOLER.",1,STOP DRILLED CRACK.,Other,2,Historical action directly addresses the same maintenance condition; slot/location differences are transferable.
MR-df31ec27ad87066b,100392,R/H #4 SIDE BAFFLE MISSING BOLTS.,SCREW MISSING IN #3 SIDE BAFFLE.,1,INSTALLED SCREW.,Replace,1,"Installing one side-baffle screw is relevant, but it only partially covers the query for missing bolts."
MR-f6fd0d2cfcd62d9e,100197,#2 & 4 INTAKES ARE LEAKING.,"INTAKES 2, 3 & 4 LEAKING ON R/H ENGINE.",1,REPLACED INTAKE GASKETS ON R/H ENGINE.,Replace,2,Completed intake-gasket correction is directly transferable across cylinder slots.
MR-20ae42071f583b3f,105157,L/H #4 ROCKER COVER GASKET LEAKS.,#2 CYL ROCKER COVER GASKET LEAKING.,1,REMOVED & REPLACED ROCKER COVER GASKET.,Replace,2,Historical action directly addresses the same maintenance condition; slot/location differences are transferable.
MR-addf5c4a857c633f,104674,R/H REAR BAFFLE INSP HOLE WORN.,"BLACK BAFFLE SEAL, FWD ENG, HAS SMALL WORN SPOT ON L/H SIDE.",1,INSTALLED RTV TO WORN AREA.,Replace,0,Historical action addresses a different component/fault or provides no meaningful action for the query.
MR-d72ae8e4deb92880,104515,#2 & 1 INTAKES LEAKING.,"INTAKES 2, 3 & 4 LEAKING ON L/H ENGINE.",1,REMOVED & REPLACED W/ NEW GASKETS.,Replace,2,Completed intake-gasket correction is directly transferable across cylinder slots.
MR-2af8368ba7c067b7,100032,RIGHT ENG #4 AIR BAFFLE IS CRACKED,"L/H ENG, L/H AFT BAFFLE CRACKED, SEVERAL PLACES.",1,LEAK CK PROP OIL LINE - GOOD.,Other,0,A propeller-oil-line leak check does not diagnose or repair the cracked engine baffle.
MR-910eedb7a965cb7d,103884,BAFFLE SCREW MISSING ABOVE STARTER.,CYL #2 BAFFLE SCREW MISSING L/H ENGINE.,1,INSTALLED SCREW.,Replace,2,Historical action directly addresses the same maintenance condition; slot/location differences are transferable.
MR-33175a539022938a,103796,1 BAFFLE BUTTON WORN.,"ENG FWD LWR BLACK SEAL HAS WORN SPOTS, ABOVE AIR INTAKE.",1,SEALED AREAS W/ BLACK RTV.,Service,0,Action treats a worn seal rather than the queried baffle plug.
MR-81595922065374f1,104863,#1 CYL INTAKE LEAKS.,CYL #4 INTAKE IS LEAKING.,1,INSTALLED NEW INDUCTION TUBE GASKET.,Replace,2,Completed intake-gasket correction is directly transferable across cylinder slots.
MR-a3acf751af4391b5,100264,#3 INTAKE LEAKING AT CLAMP.,#4 INTAKE LEAKING ON L/H ENGINE.,1,REMOVED & REPLACED #4 INTAKE GASKET ON L/H ENG.,Replace,1,"Intake-gasket replacement is relevant leak evidence, but the query explicitly locates the leak at the clamp, which may require a different correction."
MR-edc5ccb7a21bafaf,100540,#1 INTAKE GASKET LEAKS.,L/H ENG #4 CYL INTAKE GASKET IS LEAKING.,1,REMOVED & REPLACED GASKET.,Replace,2,Completed intake-gasket correction is directly transferable across cylinder slots.
MR-3534faee30c725ec,101877,#3 INDUCTION TUBE GASKET LEAKING.,#1 INTAKE GASKET LEAKING.,1,INSTALLED NEW INTAKE GASKET.,Replace,2,Completed intake-gasket correction is directly transferable across cylinder slots.
MR-1f66de15f826421d,104471,"#1, 2, 4 INTAKES LEAKING.","INTAKES 2, 3 & 4 LEAKING ON L/H ENGINE.",1,REMOVED & REPLACED W/ NEW GASKETS.,Replace,2,Completed intake-gasket correction is directly transferable across cylinder slots.
MR-5f879c2821817cdb,101744,BAFFLE BUTTON PLUG IS WORN.,L/H BAFFLE BUTTON PLUG IS BROKEN.,1,INSTALLED NEW PLUG.,Replace,2,Historical action directly addresses the same maintenance condition; slot/location differences are transferable.
MR-de14c1def79b88a0,102327,#3 INDUCTION TUBE GASKET LEAKING.,L/H ENGINE #2 & 4 INTAKES LEAKING.,1,REPLACED GASKETS.,Replace,2,Completed intake-gasket correction is directly transferable across cylinder slots.
MR-5e3df8eeb380a107,103087,#2 & 4 INTAKES LEAKING.,L/H ENGINE #2 & 4 INTAKES LEAKING.,2,REPLACED GASKETS.,Replace,2,Completed intake-gasket correction is directly transferable across cylinder slots.
MR-780a72151fcb5612,104674,R/H REAR BAFFLE INSP HOLE WORN.,BLACK FWD SEAL ON ENG WORN IN SPOTS & LOOSE ON L/H SIDE.,1,APPLIED RTV TO WORN AREAS & SECURED LOOSE SECTION.,Adjust,0,Action treats worn seal material rather than the queried baffle inspection hole.
MR-25f3ad33fa0c69a4,103145,INTAKES #1 & 2 LEAKING.,INTAKES 2 & 4 LEAKING ON R/H ENGINE.,1,CLINDERS NEED TO BE REPLACED. ,Replace,0,Historical record is unresolved/recommendation-only rather than a completed useful action.
MR-93bac668d05752d7,100629,#2 INTAKE GASKET LEAKS.,"R/H ENGINE, CYL #3 INTAKE GASKET IS LEAKING.",1,REMOVED & REPLACED INTAKE GASKET W/ NEW.,Replace,2,Completed intake-gasket correction is directly transferable across cylinder slots.
MR-df744db05a262217,105157,L/H #4 ROCKER COVER GASKET LEAKS.,"CYL #4, 1 ROCKER COVER GASKET LEAKING.",1,"REMOVED & REPLACED CYL #1, 4 ROCKER COVER GASKETS.",Replace,2,Historical action directly addresses the same maintenance condition; slot/location differences are transferable.
MR-f3ff4e5f88cf74c9,101877,#3 INDUCTION TUBE GASKET LEAKING.,L/H ENG #3 & 4 CYL INTAKE GASKETS LEAKING.,1,"REMOVED COWL, REMOVED & REPLACED GASKETS. REINSTALLED C",Replace,2,Completed intake-gasket correction is directly transferable across cylinder slots.
MR-08c4c92f72192d6c,102604,#4 INTAKE LEAKS.,#2 CYL INTAKE LEAKING.,1,INSTALLED NEW GASKET.,Replace,2,Completed intake-gasket correction is directly transferable across cylinder slots.
MR-4aceb63f2dba647a,105940,2 & 4 INTAKES LEAKING.,L/H ENGINE #2 & 4 INTAKES LEAKING.,2,REPLACED GASKETS.,Replace,2,Completed intake-gasket correction is directly transferable across cylinder slots.
MR-8d85ee2285a2b4f1,103373,"R/H FWD BAFFLE, #1 CYL SIDE, HAS A CRACK.","ENGINE BAFFLE CRACKED, AFT OF #3 CYL, L/H ENG.",1,STOP DRILLED CRACKS.,Other,2,Historical action directly addresses the same maintenance condition; slot/location differences are transferable.
MR-3a268d88b11f4b04,103824,"#3, 4 & 1 INTAKES ARE LEAKING.","INTAKES 2, 3 & 4 LEAKING ON R/H ENGINE.",1,REPLACED INTAKE GASKETS ON R/H ENGINE.,Replace,2,Completed intake-gasket correction is directly transferable across cylinder slots.
MR-4fcfc1186b9d8ebd,103598,L/H ENGINE BAFFLE CRACKED.,"L/H ENGINE, ENGINE BAFFLE CRACKED AT OIL COOLER.",2,STOP DRILLED CRACK.,Other,2,Historical action directly addresses the same maintenance condition; slot/location differences are transferable.
MR-a8a700cfcba2c4d3,102221,#1 INTAKE GASKET LEAKS.,#2 INTAKE GASKET LEAKING.,1,REPLACED GASKET.,Replace,2,Completed intake-gasket correction is directly transferable across cylinder slots.
MR-217ba083e7200f8f,100727,REAR BAFFLE PLUGS WORN OUT.,BOTH SPARK PLUG BAFFLE PLUGS ARE WORN.,2,REMOVED & REPLACED SPARK PLUG BAFFLE PLUGS.,Replace,2,Replacing worn spark-plug baffle plugs directly addresses the worn rear baffle-plug query.
MR-8a4ec09209ef9ab5,104264,#3 & 4 INTAKES LEAKING.,L/H ENG #2 & 3 INTAKES ARE LEAKING.,1,REPLACED #3 GASKET.,Replace,1,"Correct intake-gasket action, but it covers only part of the compound query."
MR-2c93ad28dc4c5c24,100112,L/H ENGINE #4 AFT BAFFLE CRACKED IN MULTIPLE PLACES.,FRONT & L/H ENGINE BAFFLE CRACKED.,1,STOP DRILLED CRACK.,Other,2,Historical action directly addresses the same maintenance condition; slot/location differences are transferable.
MR-06e70e4e97aeaeda,105742,#4 CYL HAS LOW COMPRESSION.,CYL #3 HAD LOW COMPRESSION (50/80).,1,"STAKED VALVE, COMPRESSION CK'ED GOOD (72).",Other,2,Historical action directly addresses the same maintenance condition; slot/location differences are transferable.
MR-a46fe4dbe9f1f0a9,106106,L/H ENGINE #4 BAFFLE CRACKED.,#3 AFT BAFFLE CRACKED ON R/H ENGINE.,1,"REMOVED BAFFLE, STOP DRILLED CRACK, FABRICATED & INSTAL",Repair,2,Historical action directly addresses the same maintenance condition; slot/location differences are transferable.
MR-1372943a8c221b77,101458,#3 CYLINDER ON R/H ENGINE HAS LOW COMPRESSION.,LOW COMPRESSION (40/80) ON #3 CYLINDER. AIR LEAKING FROM EXH,2,BEGAN REPLACEMENT OF CYLINDER. REPLACED OLD CYLINDER W/,Replace,2,Historical action directly addresses the same maintenance condition; slot/location differences are transferable.
MR-f8da7025b8d6b8ca,105116,"R/H BAFFLE SEAL, BY #2 CYL, TORN.",L/H ENGINE BAFFLE SEAL ABOVE #4 CYLINDER IS TORN.,1,INSTALLED NEW SEAL.,Replace,2,Historical action directly addresses the same maintenance condition; slot/location differences are transferable.
MR-09879a987d8963b7,100727,REAR BAFFLE PLUGS WORN OUT.,WORN BAFFLE PLUGS.,2,REMOVED & REPLACED BAFFLE PLUGS.,Replace,2,Historical action directly addresses the same maintenance condition; slot/location differences are transferable.
MR-17e7ca250857931c,100006,ROCKER BOX COVER SCREWS LOOSE (ALL CYL).,#2 & 4 CYL ROCKER COVER SCREWS ARE LOOSE.,1,TIGHTENED SCREWS.,Adjust,1,"Tightening cylinders 2 and 4 is relevant, but it covers only part of the all-cylinder rocker-cover query."
MR-e4872664461b38d4,101930,#1 CYL HAS LOW COMPRESSION.,"#4 CYL, L/H ENG, HAS LOW COMPRESSION.",1,LEAK CK GOOD. OPS CK GOOD.,Other,1,"Relevant diagnostic/verification evidence, but no clear corrective resolution is recorded."
MR-b54cffd9a275946e,101898,#3 INDUCTION TUBE GASKET LEAKING.,"R/H ENGINE #4 INTAKE LEAKING, AND #3 INTAKE.",1,REPLACED GASKET.,Replace,2,Completed intake-gasket correction is directly transferable across cylinder slots.
MR-2368a23aa2f2e9bb,101238,#2 & 4 INTAKES ARE LEAKING.,"INTAKES 2, 3 & 4 LEAKING ON R/H ENGINE.",1,REPLACED INTAKE GASKETS ON R/H ENGINE.,Replace,2,Completed intake-gasket correction is directly transferable across cylinder slots.
MR-3313d73e6515b653,100081,#2 INTAKE LEAKS.,"R/H ENGINE #4 INTAKE LEAKING, AND #3 INTAKE.",1,REPLACED GASKET.,Replace,2,Completed intake-gasket correction is directly transferable across cylinder slots.
MR-69bca66201f77e11,105306,#2 & 4 INTAKES LEAKING.,L/H ENG #2 & 3 INTAKES ARE LEAKING.,1,REPLACED #3 GASKET.,Replace,1,"Correct intake-gasket action, but it covers only part of the compound query."
MR-3d75ab1bce003b93,100991,#2 INDUCTION TUBE GASKET LEAKING.,L/H ENGINE #2 & 4 INTAKES LEAKING.,1,REPLACED GASKETS.,Replace,2,Completed intake-gasket correction is directly transferable across cylinder slots.
MR-cde87041a2bb28d4,100772,L/H ENG #3 INDUCTION TUBE GASKET LEAKING.,"#2 & 4 INTAKE GASKETS ARE LEAKING, L/H ENG.",1,"REMOVED & REPLACED INTAKE GASKETS, L/H ENG.",Replace,2,Completed intake-gasket correction is directly transferable across cylinder slots.
MR-258d79021df58ddb,102327,#3 INDUCTION TUBE GASKET LEAKING.,#1 INTAKE GASKET LEAKING.,1,INSTALLED NEW INTAKE GASKET.,Replace,2,Completed intake-gasket correction is directly transferable across cylinder slots.
MR-81d541c6ab6ca61e,104471,"#1, 2, 4 INTAKES LEAKING.","INTAKES 2, 3 & 4 LEAKING ON R/H ENGINE.",1,REPLACED INTAKE GASKETS ON R/H ENGINE.,Replace,2,Completed intake-gasket correction is directly transferable across cylinder slots.
MR-3c9ee195570ab70f,104031,#4 AFT BAFFLE CRACKED.,BAFFLE ABOVE CYL #1 IS CRACKED.,1,STOP DRILLED CRACK.,Other,2,Historical action directly addresses the same maintenance condition; slot/location differences are transferable.
MR-f1a071ca69550a60,105610,#3 & 4 INTAKES LEAKING.,L/H ENG #2 & 3 INTAKES ARE LEAKING.,1,REPLACED #3 GASKET.,Replace,1,"Correct intake-gasket action, but it covers only part of the compound query."
MR-7e92428b2494076e,102823,#1 & 4 INTAKES LEAKING.,L/H ENG #2 & 3 INTAKES ARE LEAKING.,1,REPLACED #3 GASKET.,Replace,1,"Correct intake-gasket action, but it covers only part of the compound query."
MR-9eacc512ed3b06ee,104702,L/H ENG #2 CYL HAS LOW COMPRESSION.,R/H ENG #4 CYL HAS LOW COMPRESSION (20/80 PSI).,1,REMOVED & REPLACED #4 CYLINDER IAW DIRECT DRIVE OVERHAU,Replace,2,Historical action directly addresses the same maintenance condition; slot/location differences are transferable.
MR-c1d1378a62c5a702,101668,"ROCKER COVER GASKETS #2, 3 TORN.","#1, 3 & 4 ROCKER COVER GASKETS ARE TORN.",1,REMOVED & REPLACED ROCKER COVER GASKETS.,Replace,2,Historical action directly addresses the same maintenance condition; slot/location differences are transferable.
MR-23046c91093b40d7,101371,AFT BAFFLE BRACKET MISSING SCREW.,SCREW MISSING ON #3 BAFFLE BRACKET.,1,FOUND SCREW & REINSTALLED.,Diagnose,2,Historical action directly addresses the same maintenance condition; slot/location differences are transferable.
MR-e52c0ab3ac3df6da,103173,#2 & 4 INTAKES LEAKING.,"INTAKES 2, 3 & 4 LEAKING ON L/H ENGINE.",1,REMOVED & REPLACED W/ NEW GASKETS.,Replace,2,Completed intake-gasket correction is directly transferable across cylinder slots.
MR-89e8d4fb76fbeed5,104515,#2 & 1 INTAKES LEAKING.,INTAKES 2 & 4 LEAKING ON R/H ENGINE.,1,CLINDERS NEED TO BE REPLACED. ,Replace,0,Historical record is unresolved/recommendation-only rather than a completed useful action.
MR-47792f3ce0b61f9e,100848,OIL COOLER HOSE REQUIRES REPOSITIONING.,TOP OIL COOLER HOSE KINKED & NOT SECURED.,2,UNKINKED & SECURED HOSE.,Adjust,2,Historical action directly addresses the same maintenance condition; slot/location differences are transferable.
MR-4b41703aa7476d62,100772,L/H ENG #3 INDUCTION TUBE GASKET LEAKING.,L/H ENG #3 INTAKE IS LEAKING.,2,REPLACED INTAKE GASKET.,Replace,2,Completed intake-gasket correction is directly transferable across cylinder slots.
MR-282034bff37d5263,102624,COWL SEAL BY #2 CYL NEEDS TO BE REATTCHED TO BAFFLING.,#1 OUTER CYL BAFFLING CRACKED BY NUTPLATE.,1,STOP DRILLED CRACK ON #1 CYL OUTER BAFFLING.,Other,0,Historical action addresses a different component/fault or provides no meaningful action for the query.
MR-4215d64ce314ac41,101877,#3 INDUCTION TUBE GASKET LEAKING.,"CYL #1, 2, 4 INTAKE GASKETS LEAKING.",1,REMOVED & REPLACED GASKETS.,Replace,2,Completed intake-gasket correction is directly transferable across cylinder slots.
MR-d24a0cd17aed3a12,104702,L/H ENG #2 CYL HAS LOW COMPRESSION.,R/H ENG #1 CYL HAS LOW COMPRESSIONS (55 PSI).,1,"STAKED EXHAUST VALVE, OPS CK GOOD ON COMPRESSIONS. REMO",Other,2,Historical action directly addresses the same maintenance condition; slot/location differences are transferable.
MR-57d7cce45ba762e9,105116,"R/H BAFFLE SEAL, BY #2 CYL, TORN.",R/H ENGINE #1 CYL SIDE BAFFLE SEAL IS TORN.,1,REMOVED & REPLACED SEAL.,Replace,2,Replacing the torn baffle seal directly addresses the same condition; cylinder position is transferable.
MR-2a1d7a17010b3e5c,100772,L/H ENG #3 INDUCTION TUBE GASKET LEAKING.,R/H ENG #3 INTAKE IS LEAKING.,1,REPLACED INTAKE GASKET.,Replace,2,Completed intake-gasket correction is directly transferable across cylinder slots.
MR-92c512f95f0c34b1,103676,#4 CYL ROCKER COVER IS MISSING SCREW.,SCREW MISSING FROM L/H ENGINE #3 ROCKER COVER.,1,INSTALLED NEW HARDWARE.,Replace,2,Historical action directly addresses the same maintenance condition; slot/location differences are transferable.
MR-79ac5c2748a269b8,105592,SMALL RUST SPOT ON AFT TOP L/H (L/H ENGINE MOUNT).,ZIP TIES USED ON L/H & R/H ENGINE MOUNT IN PLACE OF LACING C,1,REATTACHED CABLE & HOSES W/ LACING CORD.,Other,0,Historical action does not treat the queried engine-mount rust condition.
MR-16c711da1581cbcf,105178,#1 ROCKER COVER GASKET LEAKS.,#2 CYL ROCKER COVER GASKET LEAKING.,1,REMOVED & REPLACED ROCKER COVER GASKET.,Replace,2,Historical action directly addresses the same maintenance condition; slot/location differences are transferable.
MR-c5f96a6a8fbdf67a,101371,AFT BAFFLE BRACKET MISSING SCREW.,#3 AFT BAFFLE SUPPORT BRACKET MISSING SCREW.,2,INSTALLED MISSING BRACKET SCREW.,Replace,2,Installing the missing bracket screw directly resolves the same aft-baffle-bracket fault.
MR-bf79fd36169e5947,105178,#1 ROCKER COVER GASKET LEAKS.,"CYL #4, 1 ROCKER COVER GASKET LEAKING.",1,"REMOVED & REPLACED CYL #1, 4 ROCKER COVER GASKETS.",Replace,2,Historical action directly addresses the same maintenance condition; slot/location differences are transferable.
MR-67365c29d5acf0d5,103274,INTAKES #2 & 4 LEAKING.,"INTAKES 2, 3 & 4 LEAKING ON L/H ENGINE.",1,REMOVED & REPLACED W/ NEW GASKETS.,Replace,2,Completed intake-gasket correction is directly transferable across cylinder slots.
MR-a415621d3b3b6cca,104157,#2 & 3 INTAKES LEAKING.,L/H ENGINE #2 & 4 INTAKES LEAKING.,1,REPLACED GASKETS.,Replace,2,Completed intake-gasket correction is directly transferable across cylinder slots.
MR-2b0a6fc1611e7689,101101,OIL LEAK EVIDENCE ON R/H SIDE OF ENGINE.,R/H ENGINE LIFTING EYE BOLT LEAKING OIL.,2,"REMOVED BOLT, CLEAN & SEALANT APPLIED. REASSEMBLED.",Service,1,Direct repair of one historical oil-leak source; the query does not establish that source.
MR-03f229f9e4fbe797,101930,#1 CYL HAS LOW COMPRESSION.,LOW COMPRESSION ON CYL #3 (55).,1,"REMOVED CYL, FOUND TO BE BURNT EXHAUST VALVE. INSTALLED",Replace,2,Cylinder removal and replacement for a burnt exhaust valve is direct corrective evidence for low compression.
MR-3e7898d4dcc81693,104677,BLACK FWD COWL (ENG) SEAL WORN BY INTAKE FILTER.,"ENG FWD LWR BLACK SEAL HAS WORN SPOTS, ABOVE AIR INTAKE.",2,SEALED AREAS W/ BLACK RTV.,Service,2,RTV repair directly treats the same worn forward black engine/cowl seal.
MR-9c2295fbb5f65b0d,103074,"R/H ENGINE FOAM SEAL LOOSE ON BULKHEAD, BEHIND ENGINE INLET",#4 BAFFLE HAS LOOSE HARDWARE ON R/H ENGINE.,1,TIGHTENED HARDWARE.,Adjust,0,Historical action addresses different baffle hardware rather than the queried foam/cowl seal.
MR-b8e145ebc4d11181,101225,"CRACK ON ENGINE BAFFLE, LEFT SIDE, BY #3 CYLINDER.",SMALL CRACK NOTED BY BOLT ON #1 CYL BAFFLE OF R/H ENGINE.,1,STOP DRILLED CRACK.,Other,2,Historical action directly addresses the same maintenance condition; slot/location differences are transferable.
MR-49dc9c23c55e5d06,101458,#3 CYLINDER ON R/H ENGINE HAS LOW COMPRESSION.,"LOW COMPRESSION ON CYLINDER #2, L/H ENGINE.",1,FOUND COMPRESSION BELOW 40/80 PSI & LEAKING OUT EXHAUST,Diagnose,1,"Relevant diagnostic/verification evidence, but no clear corrective resolution is recorded."
MR-579096957f933c84,104702,L/H ENG #2 CYL HAS LOW COMPRESSION.,#4 CYL ON L/H ENG HAS LOW COMPRESSION. LEAKING FROM EXHAUST,1,"REINSTALLED AFT MUFFLER ASSY, CARB HEAT BOX. RAN ENGINE",Other,0,Reinstalling the muffler/carb-heat assembly and running the engine does not show correction of low compression.
MR-5adfee247ed06144,101980,"R/H ENG #2, 3 & 4 ROCKER BOX COVERS LEAKING.",L/H ENG #3 ROCKER COVER IS LEAKING.,1,REPLACED ROCKER COVER GASKET.,Replace,1,"Action is relevant to the same problem class, but the recorded target or completion is not sufficiently explicit for a strong label."
MR-2eca0dd7dde470e6,104264,#3 & 4 INTAKES LEAKING.,"INTAKES 2, 3 & 4 LEAKING ON R/H ENGINE.",1,REPLACED INTAKE GASKETS ON R/H ENGINE.,Replace,2,Completed intake-gasket correction is directly transferable across cylinder slots.
MR-e5b897ddca3a5ee8,105610,#3 & 4 INTAKES LEAKING.,"INTAKES 2, 3 & 4 LEAKING ON R/H ENGINE.",1,REPLACED INTAKE GASKETS ON R/H ENGINE.,Replace,2,Completed intake-gasket correction is directly transferable across cylinder slots.
MR-8025823a2a716444,103074,"R/H ENGINE FOAM SEAL LOOSE ON BULKHEAD, BEHIND ENGINE INLET",R/H REAR ENGINE BAFFLE MOUNT LOOSE.,1,"REMOVED R/H REAR BAFFLE, REATTACHED BAFFLE MOUNT & REIN",Other,0,Historical action addresses different baffle hardware rather than the queried foam/cowl seal.
MR-d7de5c5d518dda3c,105940,2 & 4 INTAKES LEAKING.,L/H ENG #2 & 3 INTAKES ARE LEAKING.,1,REPLACED #3 GASKET.,Replace,1,"Correct intake-gasket action, but it covers only part of the compound query."
MR-940a374f34ede0cd,101225,"CRACK ON ENGINE BAFFLE, LEFT SIDE, BY #3 CYLINDER.",CRACK IN R/H AFT ENGINE BAFFLE.,1,STOP DRILLED CRACK.,Other,2,Historical action directly addresses the same maintenance condition; slot/location differences are transferable.
MR-08c03991f157f06d,102221,#1 INTAKE GASKET LEAKS.,"R/H ENGINE, CYL #3 INTAKE GASKET IS LEAKING.",1,REMOVED & REPLACED INTAKE GASKET W/ NEW.,Replace,2,Completed intake-gasket correction is directly transferable across cylinder slots.
MR-33e1d6f1194ca376,102823,#1 & 4 INTAKES LEAKING.,"INTAKES 2, 3 & 4 LEAKING ON R/H ENGINE.",1,REPLACED INTAKE GASKETS ON R/H ENGINE.,Replace,2,Completed intake-gasket correction is directly transferable across cylinder slots.
MR-5fd2304ceec94f49,100540,#1 INTAKE GASKET LEAKS.,#4 INTAKE GASKET IS LEAKING.,1,REPLACED GASKETS. LEAK CK GOOD.,Replace,2,Completed intake-gasket correction is directly transferable across cylinder slots.
MR-2714bb50f2b7bdd0,103173,#2 & 4 INTAKES LEAKING.,L/H ENGINE #2 & 4 INTAKES LEAKING.,2,REPLACED GASKETS.,Replace,2,Completed intake-gasket correction is directly transferable across cylinder slots.
MR-f892fae454d50b24,104071,"R/H ENG, R/H REAR BAFFLE IS CRACKED.","R/H ENG, FWD I/B BAFFLE HAS SMALL CRACK.",1,STOP DRILLED CRACK.,Other,2,Historical action directly addresses the same maintenance condition; slot/location differences are transferable.
MR-9faada01adea238c,100541,ALL ROCKER COVER SCREWS ARE LOOSE.,#2 & 4 CYL ROCKER COVER SCREWS ARE LOOSE.,1,TIGHTENED SCREWS.,Adjust,1,"Tightening cylinders 2 and 4 is relevant, but it covers only part of the query for all rocker-cover screws."
MR-d29d948efb65f05b,104863,#1 CYL INTAKE LEAKS.,CYL #2 INTAKE LEAKING ON R/H ENGINE.,1,REMOVED & REPLACED INTAKE GASKET.,Replace,2,Completed intake-gasket correction is directly transferable across cylinder slots.
MR-549e0e85cfe62175,101371,AFT BAFFLE BRACKET MISSING SCREW.,"SCREW MISSING, AFT BAFFLE BRACKET.",2,INSTALLED SCREW.,Replace,2,Historical action directly addresses the same maintenance condition; slot/location differences are transferable.
